Workbook

Sheet January 2020
A1: FORMAT LIST OF ACTUAL BENEFICIARIES
C2: January 2020
J3: Total No. Of Beneficiaries: 287
J4: Male: | K4: 255
J5: Female: | K5: 32
A6: a. Individuals | J6: Others:(S.C./PWD): 38
F7: Types of Goods/Services Received | J7: DATE OF IMPLEMENTATION
A8: NAME OF BENEFICIARIES | C8: GENDER | D8: BARANGAY | E8: MUNICIPALITY | F8: Contact No./Email | H8: QUANTITY | I8: COST('000)
F9: Address(if any) | G9: Type/Species | H9: RECEIVED | J9: TYPE | K9: SATISFIED/
H10: (Unit/kg/pcs.) | K10: NOT SATISFIED | O10: As of January 1-7, 2020
A11: DATE | O11: TILAPIA
A12: 2 | B12: Benjamin Nuez | C12: Male | D12: Cabigupan | E12: Trinidad | G12: Excel | H12: 3500 | I12: 700 | J12: pond | K12: satisfied | M12: 800 | O12: Sold | P12: 356300
A13: 2 | B13: Sherwin Balaba | C13: Male | D13: Pob. Sur | E13: Carmen | G13: Excel | H13: 4000 | I13: 800 | J13: pond | K13: satisfied | M13: 600 | O13: Dispersed | P13: 31500
A14: 2 | B14: Alie Esid | C14: Female | D14: Burgos | E14: Talibon | G14: Excel | H14: 500 | I14: 100 | J14: pond | K14: satisfied | M14: 50 | P14: =SUM(P12:P13) -> 387800
A15: 2 | B15: Reymond Omaña | C15: Male | D15: Buacao | E15: Clarin | G15: Excel | H15: 1500 | I15: 300 | J15: pond | K15: satisfied | M15: =H15/5 -> 300
A16: 2 | B16: Joselito Carnice | C16: Male | D16: Los Angeles | E16: Ubay | G16: Excel | H16: 2500 | I16: 500 | J16: pond | K16: satisfied | M16: =H16/5 -> 500 | O16: KOI
A17: 2 | B17: Virginia Descallar | C17: Female | D17: San Carlos | E17: Pilar | G17: Excel | H17: 1500 | I17: 300 | J17: pond | K17: satisfied | M17: =H17/5 -> 300 | O17: Sold | P17: 234
A18: 2 | B18: Magdalino Pandac | C18: Male | D18: Aloja | E18: Batuan | G18: Excel | H18: 3000 | I18: 600 | J18: pond | K18: satisfied | M18: 300
A19: 2 | B19: Alexander Doloso Jr. | C19: Male | D19: San Isidro | E19: Talibon | G19: Excel | H19: 40000 | I19: 8000 | J19: pond | K19: satisfied | M19: 50000 | O19: ULANG
A20: 2 | B20: Teny Peliño | C20: Male | D20: San Antonio | E20: Duero | G20: Excel | H20: 4000 | I20: 800 | J20: pond | K20: satisfied | M20: 600 | O20: Sold | P20: 1100
A21: 2 | B21: Teny Peliño | C21: Male | D21: San Antonio | E21: Duero | G21: KoiCarp | H21: 10 | I21: 100 | J21: pond | K21: satisfied
A22: 2 | B22: Francisco Bautista | C22: Male | D22: M. Roxas | E22: Trinidad | G22: Excel | H22: 3000 | I22: 600 | J22: pond | K22: satisfied | M22: 600
A23: 2 | B23: Elmer Teimpo | C23: Male | D23: Villafuerte | E23: Carmen | G23: Excel | H23: 2500 | I23: 500 | J23: pond | K23: satisfied | M23: 300
A24: 2 | B24: Brian Cuyacot | C24: Male | D24: Bugang | E24: San Miguel | G24: Excel | H24: 11000 | I24: 2200 | J24: pond | K24: satisfied | M24: 2200
A25: 2 | B25: Ariel Adaya | C25: Male | D25: La Salvacion | E25: Carmen | G25: Excel | H25: 500 | I25: 100 | J25: pond | K25: satisfied | M25: 150 | O25: =SUM(H12:H20,H22:H31,H40,H42:H43,H45,H47:H48,H50,H52:H53,H55,H58:H60,H62:H63,H65,H67,H70:H75,H77:H80,H83,H87,H89,H92:H94,H96:H100,H102:H103,H108:H109,H111:H119,H121,H123:H127,H129:H134,H137:H146,H150:H160,H162,H164:H165,H167:H168,H171,H173:H176,H178:H181,H183:H192,H194:H197,H199:H200,H203:H209,H212,H214:H219,H221:H222,H224:H226,H229:H230,H232:H237,H239,H241:H243,H245:H246,H248,H250:H257,H259:H261,H263:H265,H268,H270:H273,H275:H284,H286:H287,H290:H291,H293:H297,H299:H303,H305,H307,H309:H312,H314:H315,H317:H318,H323:H324,H326,H328:H331,H333:H336,H338:H357,H359:H360,H362:H364) -> 788150
A26: 2 | B26: Emmanuel Lupian | C26: Male | D26: Lawis | E26: Inabanga | G26: Excel | H26: 2000 | I26: 400 | J26: pond | K26: satisfied | M26: =H26/5 -> 400
A27: 2 | B27: Danilo Olaguer | C27: Male | D27: Balaga | E27: Mabini | G27: Excel | H27: 12000 | I27: 2400 | J27: pond | K27: satisfied | M27: 600
A28: 2 | B28: Vicente Malabute | C28: Male | D28: Malitbog | E28: Dagohoy | G28: Excel | H28: 3400 | I28: 680 | J28: pond | K28: satisfied | M28: 1000
A29: 2 | B29: Gerie Gepalago | C29: Male | D29: Pobalcion | E29: San Isidro | G29: Excel | H29: 400 | I29: 80 | J29: pond | K29: satisfied | M29: 80
A30: 2 | B30: Ronald Manal | C30: Male | D30: Sur | E30: Sagbayan | G30: Excel | H30: 500 | I30: 100 | J30: pond | K30: satisfied | M30: 300
A31: 2 | B31: Eric Basay | C31: Male | D31: Pobalcion | E31: Catigbian | G31: Excel | H31: 3000 | I31: 600 | J31: pond | K31: satisfied | M31: 600
A32: 2 | B32: Nestor Calamba | C32: Male | D32: Sta. Cruz | E32: Sierra Bullones | G32: Excel | H32: 500 | I32: dispersed | J32: pond | K32: satisfied | M32: 110
A33: 2 | B33: Nestor Calamba | C33: Male | D33: Sta. Cruz | E33: Sierra Bullones | G33: KoiCarp | H33: 10 | I33: 100 | J33: pond | K33: satisfied
A34: 2 | B34: Tonron dela Peña | C34: Male | D34: Sta. Cruz | E34: Sierra Bullones | G34: Excel | H34: 500 | I34: dispersed | J34: pond | K34: satisfied | M34: 100
A35: 2 | B35: Helario Malubay | C35: Male | D35: Villa Garcia | E35: Sierra Bullones | G35: Excel | H35: 500 | I35: dispersed | J35: pond | K35: satisfied | M35: 110
A36: 2 | B36: Helario Malubay | C36: Male | D36: Villa Garcia | E36: Sierra Bullones | G36: KoiCarp | H36: 5 | I36: 50 | J36: pond | K36: satisfied
A37: 2 | B37: Editha Pacot | C37: Female | D37: Villa Garcia | E37: Sierra Bullones | G37: Excel | H37: 500 | I37: dispersed | J37: pond | K37: satisfied | M37: 115
A38: 2 | B38: Editha Pacot | C38: Female | D38: Villa Garcia | E38: Sierra Bullones | G38: KoiCarp | H38: 5 | I38: 50 | J38: pond | K38: satisfied
A39: 2 | B39: Nestor Ramos | C39: Male | D39: Nahawan | E39: Clarin | G39: Excel | H39: 500 | I39: dispersed | J39: pond | K39: satisfied | M39: 400
A40: 2 | B40: Nestor Ramos | C40: Male | D40: Nahawan | E40: Clarin | G40: Excel | H40: 1500 | I40: 300 | J40: pond | K40: satisfied
A41: 2 | B41: Meloniodes Canda | C41: Male | D41: Bicao | E41: Carmen | G41: Excel | H41: 500 | I41: dispersed | J41: pond | K41: satisfied | M41: 1500
A42: 2 | B42: Meloniodes Canda | C42: Male | D42: Bicao | E42: Carmen | G42: Excel | H42: 1000 | I42: 200 | J42: pond | K42: satisfied | M42: =H42/5 -> 200
A43: 2 | B43: Moises Escabusa | C43: Male | D43: Poblacion | E43: Pilar | G43: Excel | H43: 100 | I43: 20 | J43: pond | K43: satisfied
A44: 2 | B44: Moises Escabusa | C44: Male | D44: Poblacion | E44: Pilar | G44: KoiCarp | H44: 20 | I44: 200 | J44: pond | K44: satisfied
A45: 2 | B45: Joel Lacea | C45: Male | D45: Poblacion | E45: Balilihan | G45: Excel | H45: 500 | I45: 100 | J45: pond | K45: satisfied
A46: 2 | B46: Joel Lacea | C46: Male | D46: Poblacion | E46: Balilihan | G46: KoiCarp | H46: 10 | I46: 100 | J46: pond | K46: satisfied
A47: 2 | B47: Marben Torreon | C47: Male | D47: Calatrava | E47: Carmen | G47: Excel | H47: 200 | I47: 40 | J47: pond | K47: satisfied | M47: 150
A48: 2 | B48: Milyjun Garzano | C48: Male | D48: Causwagan | E48: Trinidad | G48: Excel | H48: 2000 | I48: 400 | J48: pond | K48: satisfied | M48: =H48/5 -> 400
A49: 2 | B49: Armand Pasok | C49: Male | D49: Katipunan | E49: Carmen | G49: Excel | H49: 500 | I49: dispersed | J49: pond | K49: satisfied | M49: 1600
A50: 2 | B50: Richardo Palingcod | C50: Male | D50: Montesuerte | E50: Carmen | G50: Excel | H50: 1000 | I50: 200 | J50: pond | K50: satisfied | M50: 400
A51: 2 | B51: Richardo Palingcod | C51: Male | D51: Montesuerte | E51: Carmen | G51: KoiCarp | H51: 5 | I51: 50 | J51: pond | K51: satisfied
A52: 2 | B52: Joel Manching | C52: Male | D52: Villafuerte | E52: Carmen | G52: Excel | H52: 1000 | I52: 200 | J52: pond | K52: satisfied | M52: =H52/5 -> 200
A53: 2 | B53: Daril james Sarong | C53: Male | D53: Bicao | E53: Carmen | G53: Excel | H53: 300 | I53: 60 | J53: pond | K53: satisfied | M53: 32
A54: 2 | B54: Daril james Sarong | C54: Male | D54: Bicao | E54: Carmen | G54: KoiCarp | H54: 5 | I54: 50 | J54: pond | K54: satisfied
A55: 2 | B55: Nemesio Oranan | C55: Male | D55: Tubod | E55: Clarin | G55: Excel | H55: 2800 | I55: 840 | J55: pond | K55: satisfied | M55: =H55/5 -> 560
A56: 2 | B56: Nemesio Oranan | C56: Male | D56: Tubod | E56: Clarin | G56: Ulang | H56: 300 | I56: 300 | J56: pond | K56: satisfied
A57: 2 | B57: Nemesio Oranan | C57: Male | D57: Tubod | E57: Clarin | G57: KoiCarp | H57: 5 | I57: 50 | J57: pond | K57: satisfied
A58: 2 | B58: Gina Jamil | C58: Female | D58: Aloja | E58: Batuan | G58: Excel | H58: 2500 | I58: 500 | J58: pond | K58: satisfied | M58: 500
A59: 3 | B59: Saturnino Ore | C59: Male | D59: Kinan-oan | E59: Trinidad | G59: Excel | H59: 7000 | I59: 1400 | J59: pond | K59: satisfied | M59: 1200
A60: 3 | B60: Lito Oronan | C60: Male | D60: libertad Sur | E60: Catigbian | G60: Excel | H60: 3000 | I60: 400 | J60: pond | K60: satisfied | M60: 300
A61: 3 | B61: Rolando Acuymo | C61: Male | D61: Bicao | E61: Carmen | G61: Excel | H61: 500 | I61: dispersed | J61: pond | K61: satisfied | M61: 100
A62: 3 | B62: Rolando Acuymo | C62: Male | D62: Bicao | E62: Carmen | G62: Excel | H62: 1000 | I62: 200 | J62: pond | K62: satisfied | M62: 200
A63: 3 | B63: Jeffrey Celades | C63: Male | D63: Canmaya Diot | E63: Sagbayan | G63: Excel | H63: 10000 | I63: 2000 | J63: pond | K63: satisfied | M63: 1800
A64: 3 | B64: Jeffrey Celades | C64: Male | D64: Canmaya Diot | E64: Sagbayan | G64: KoiCarp | H64: 50 | I64: 500 | J64: pond | K64: satisfied
A65: 3 | B65: Reymar Timbal | C65: Male | D65: San Miguel | E65: Dagohoy | G65: Excel | H65: 4200 | I65: 840 | J65: pond | K65: satisfied | M65: 1500
A66: 3 | B66: Edilberto Omboy | C66: Male | D66: Vvallehermoso | E66: Carmen | G66: Excel | H66: 500 | I66: dispersed | J66: pond | K66: satisfied | M66: 200
A67: 3 | B67: Edilberto Omboy | C67: Male | D67: Vvallehermoso | E67: Carmen | G67: Excel | H67: 1000 | I67: 200 | J67: pond | K67: satisfied
A68: 3 | B68: Apolonio Manatad | C68: Male | D68: Villaflor | E68: Clarin | G68: Excel | H68: 300 | I68: dispersed | J68: pond | K68: satisfied | M68: 50
A69: 3 | B69: Apolonio Manatad | C69: Male | D69: Villaflor | E69: Clarin | G69: KoiCarp | H69: 10 | I69: 100 | J69: pond | K69: satisfied
A70: 3 | B70: Marlon Ampo | C70: Male | D70: Estaca | E70: Pilar | G70: Excel | H70: 1500 | I70: 300 | J70: pond | K70: satisfied | M70: 300
A71: 3 | B71: Eherson Perez | C71: Male | D71: Bongbong | E71: Catigbian | G71: Excel | H71: 1000 | I71: 200 | J71: pond | K71: satisfied | M71: 300
A72: 3 | B72: Ursulo Taganahan | C72: Male | D72: Cabanbanan | E72: Dimiao | G72: Excel | H72: 500 | I72: 100 | J72: pond | K72: satisfied | M72: 100
A73: 3 | B73: Roel Dinoy | C73: Male | D73: Dagnawan | E73: Inabanga | G73: Excel | H73: 500 | I73: 100 | J73: pond | K73: satisfied | M73: 100
A74: 3 | B74: Julio Daga-ang | C74: Male | D74: Badiang | E74: Sikatuna | G74: Excel | H74: 500 | I74: 100 | J74: pond | K74: satisfied | M74: 100
A75: 3 | B75: Gemma Dapar | C75: Female | D75: Baucan Sur | E75: Balilihan | G75: Excel | H75: 300 | I75: 60 | J75: pond | K75: satisfied | M75: 70
A76: 3 | B76: Gemma Dapar | C76: Female | D76: Baucan Sur | E76: Balilihan | G76: KoiCarp | H76: 10 | I76: 100 | J76: pond | K76: satisfied
A77: 3 | B77: Nora Quinal | C77: Female | D77: Cantubod | E77: Danao | G77: Excel | H77: 2000 | I77: 400 | J77: pond | K77: satisfied | M77: =2000*5 -> 10000
A78: 3 | B78: Samuel Dacoylo | C78: Male | D78: Poblacion II | E78: Tagbilaran | G78: Excel | H78: 2000 | I78: 400 | J78: pond | K78: satisfied | M78: 400
A79: 3 | B79: Jasper Manuta | C79: Male | D79: Agahay | E79: Maribojoc | G79: Excel | H79: 1000 | I79: 200 | J79: pond | K79: satisfied | M79: 300
A80: 3 | B80: Rodel Nazareno | C80: Male | D80: Matin-ao | E80: Sierra Bullones | G80: Excel | H80: 1000 | I80: 200 | J80: pond | K80: satisfied | M80: 100
A81: 3 | B81: Rodel Nazareno | C81: Male | D81: Matin-ao | E81: Sierra Bullones | G81: KoiCarp | H81: 10 | I81: 100 | J81: pond | K81: satisfied
A82: 3 | B82: Victorina Ligan | C82: Female | D82: San Isidro | E82: Pilar | G82: Excel | H82: 500 | I82: dispersed | J82: pond | K82: satisfied | M82: 1400
A83: 3 | B83: Victorina Ligan | C83: Female | D83: San Isidro | E83: Pilar | G83: Excel | H83: 4500 | I83: 900 | J83: pond | K83: satisfied | M83: 3200
A84: 3 | B84: Victorina Ligan | C84: Female | D84: San Isidro | E84: Pilar | G84: KoiCarp | H84: 20 | I84: 200 | J84: pond | K84: satisfied
A85: 3 | B85: Trecell Maria Saure | C85: Female | D85: Sagasa | E85: Balilihan | G85: Excel | H85: 1500 | I85: dispersed | J85: pond | K85: satisfied
A86: 3 | B86: Rodrigo Baja | C86: Male | D86: Sagasa | E86: Balilihan | G86: Excel | H86: 1500 | I86: dispersed | J86: pond | K86: satisfied
A87: 3 | B87: Rodrigo Baja | C87: Male | D87: Sagasa | E87: Balilihan | G87: Excel | H87: 1500 | I87: 300 | J87: pond | K87: satisfied
A88: 3 | B88: Alberto Liba | C88: Male | D88: Sagasa | E88: Balilihan | G88: Excel | H88: 1500 | I88: dispersed | J88: pond | K88: satisfied
A89: 3 | B89: Alberto Liba | C89: Male | D89: Sagasa | E89: Balilihan | G89: Excel | H89: 1000 | I89: 200 | J89: pond | K89: satisfied
A90: 3 | B90: Benjamin Pabe | C90: Male | D90: Sagasa | E90: Balilihan | G90: Excel | H90: 1500 | I90: dispersed | J90: pond | K90: satisfied
A91: 3 | B91: Teofilo Cagabcab | C91: Male | D91: Sagasa | E91: Balilihan | G91: Excel | H91: 1500 | I91: dispersed | J91: pond | K91: satisfied
A92: 3 | B92: Teofilo Cagabcab | C92: Male | D92: Sagasa | E92: Balilihan | G92: Excel | H92: 1500 | I92: 300 | J92: pond | K92: satisfied
A93: 3 | B93: Nerio Sales | C93: Male | D93: Sagasa | E93: Balilihan | G93: Excel | H93: 3000 | I93: 600 | J93: pond | K93: satisfied | M93: 450
A94: 3 | B94: Jerry Sarabosing | C94: Male | D94: Juagdan | E94: Ubay | G94: Excel | H94: 20000 | I94: 4000 | J94: pond | K94: satisfied | M94: =H94/5 -> 4000
A95: 3 | B95: Junvic Ando | C95: Male | D95: Canmaya Centro | E95: Sagbayan | G95: Ulang | H95: 500 | I95: 500 | J95: pond | K95: satisfied
A96: 3 | B96: Felix Sipsip | C96: Male | D96: Poblacion | E96: Sagbayan | G96: Excel | H96: 800 | I96: 160 | J96: pond | K96: satisfied | M96: =H96/5 -> 160
A97: 3 | B97: Joseph Licayan | C97: Male | D97: la Hacienda | E97: Alicia | G97: Excel | H97: 3000 | I97: 600 | J97: pond | K97: satisfied | M97: 600
A98: 3 | B98: Ponciano Quiño | C98: Male | D98: Taming | E98: Danao | G98: Excel | H98: 2000 | I98: 400 | J98: pond | K98: satisfied | M98: 400
A99: 3 | B99: Petronilo Estor | C99: Male | D99: Canmano | E99: Sagbayan | G99: Excel | H99: 2000 | I99: 400 | J99: pond | K99: satisfied | M99: 600
A100: 3 | B100: Jayson Regis | C100: Male | D100: Buang | E100: Catigbian | G100: Excel | H100: 1000 | I100: 200 | J100: pond | K100: satisfied
...

Sheet January (Group)
A1: FORMAT LIST OF ACTUAL BENEFICIARIES
C2: January 2020
K3: Total No. Of Beneficiaries: 6
K4: Male: | L4: 3
K5: Female: | L5: 3
A6: a. Groups | K6: Others:(S.C./PWD)
C7: NUMBER | F7: Contact | G7: Name of | H7: Types of Goods/Services Received | K7: DATE OF IMPLEMENTATION
A8: NAME OF LGU/ASSOCIATION | C8: OF | D8: BARANGAY | E8: MUNICIPALITY | F8: No./Email | G8: Representatives | I8: QUANTITY | J8: COST('000)
C9: MEMBERS | F9: Address (if | G9: who received | H9: Type/Species | I9: RECEIVED | K9: TYPE | L9: SATISFIED/
F10: any) | I10: (Unit/kg/pcs. | L10: NOT SATISFIED
A11: DATE
A12: 2 | B12: LGU Tubigon | E12: Tubigon | G12: Victor Boligao | H12: Excel | I12: 5200 | J12: dispersed | K12: pond | L12: satisfied | N12: =I12/5 -> 1040 | O12: =I12+I13+I14+I15+I16 -> 28200
A13: 2 | B13: LGU Catigbian | E13: Catigbian | G13: Emma Merano | H13: Excel | I13: 6000 | J13: dispersed | K13: pond | L13: satisfied | N13: =I13/5 -> 1200
A14: 16 | B14: LGU Garcia Hernandez | E14: Garcia Hernandez | G14: Mary Ann Abucejo | H14: Excel | I14: 6000 | J14: dispersed | K14: pond | L14: satisfied | N14: =I14/5 -> 1200
A15: 16 | B15: LGU Alburquerque | E15: Alburquerque | G15: Cresente Bernaldes | H15: Excel | I15: 6000 | J15: dispersed | K15: pond | L15: satisfied | N15: 1200
A16: 20 | B16: Magsaysay Lower Farmers Association (MLFA) | D16: Magsaysay | E16: Talibon | G16: Angelito Oroyan | H16: Excel | I16: 5000 | J16: dispersed | K16: cage | L16: satisfied | N16: =5000/5 -> 1000
A17: 21 | B17: UBFF | H17: Excel Breeders | I17: 330 | J17: dispersed | N17: =SUM(N12:N16) -> 5640
I20: SUMMARY:
I21: Direct Client:
B22: Prepared and Submitted by: | E22: Noted by: | I22: Coordinating Office: | J22: 28,200 pcs.
I23: C. Carp: | J23: 0
I24: Ornamental Fish: | J24: 0
B25: GAYMELO Y. LOPEZ | E25: MARIO N. RUINATA, Ph. D. | I25: Catfish | J25: 0
B26: Aqua II/Center Chief | E26: Research, Development & Extension Coordinating Office | I26: Freshwater Prawn: | J26: 0
I27: Total area (sq.m)
I28: Freshwater: | J28: 4640
I29: Brackishwater: | J29: 1000

Sheet February 2020
A1: FORMAT LIST OF ACTUAL BENEFICIARIES
C2: February 2020
J3: Total No. Of Beneficiaries: 281
J4: Male: | K4: 232
J5: Female: | K5: 49
A6: a. Individuals | J6: Others:(S.C./PWD): 47
F7: Types of Goods/Services Received | J7: DATE OF IMPLEMENTATION
A8: NAME OF BENEFICIARIES | C8: GENDER | D8: BARANGAY | E8: MUNICIPALITY | F8: Contact No./Email | H8: QUANTITY | I8: COST('000)
F9: Address(if any) | G9: Type/Species | H9: RECEIVED | J9: TYPE | K9: SATISFIED/
H10: (Unit/kg/pcs.) | K10: NOT SATISFIED | Q10: February 3-5, 2020
A11: DATE
A12: 3 | B12: Salvador majomot | C12: Male | D12: Banlasan | E12: Tubigon | G12: Excel | H12: 1000 | I12: 200 | J12: pond | K12: satisfied | N12: 300 | Q12: TILAPIA
A13: 3 | B13: Anthony Cadenas | C13: Male | D13: Guadalupe | E13: Carmen | G13: Excel | H13: 500 | I13: dispersed | J13: pond | K13: satisfied | N13: 200 | Q13: Sold | S13: 326800 | T13: =SUM(H12,H14:H16,H18,H20,H22:H24,H26:H29,H31:H33,H31:H33,H37:H38,H40:H42,H44,H46:H48,H50:H51,H53:H56,H58,H60,H62,H64:H66,H70:H71,H73:H74,H76,H81:H82,H84:H85,H87:H88) -> 326800
A14: 3 | B14: Anthony Cadenas | C14: Male | D14: Guadalupe | E14: Carmen | G14: Excel | H14: 500 | I14: 100 | J14: pond | K14: satisfied | Q14: Dispersed | S14: 58200 | T14: =H13+H25+H30+H36+H45+H61+H67+H68+H69+H72 -> 8200 | U14: 50000 | V14: =SUM(T14:U14) -> 58200
A15: 3 | B15: Renie Jazo | C15: Male | D15: Bicao | E15: Carmen | G15: Excel | H15: 1000 | I15: 200 | J15: pond | K15: satisfied | N15: 400 | Q15: Total | S15: =SUM(S13:S14) -> 385000
A16: 3 | B16: Simplecio Balonga Jr | C16: Male | D16: Cabiguhan | E16: Trinidad | G16: Excel | H16: 21000 | I16: 4200 | J16: pond | K16: satisfied | N16: 3000 | Q16: ORNAMENTAL
A17: 3 | B17: Simplecio Balonga Jr | C17: Male | D17: Cabiguhan | E17: Trinidad | G17: Hito | H17: 50 | I17: 50 | J17: pond | K17: satisfied | Q17: Koi | S17: 415 | T17: =H34+H35+H57+H77 -> 415
A18: 3 | B18: Jessie Camanzo | C18: Male | D18: Poblacion | E18: Danao | G18: Excel | H18: 1000 | I18: 200 | J18: pond | K18: satisfied | N18: 336 | Q18: SwordTail | S18: 130 | T18: =H21+H78+H79 -> 130
A19: 3 | B19: Eduardo Saroje | C19: Male | D19: Guiang | E19: Guindulman | G19: Hito | H19: 500 | I19: 500 | J19: pond | K19: satisfied | Q19: Total | S19: =SUM(S17:S18) -> 545
A20: 3 | B20: Rogelio Sendo | C20: Male | D20: Poblacion | E20: Catigbian | G20: Excel | H20: 1000 | I20: 200 | J20: pond | K20: satisfied | N20: 300 | Q20: HITO
A21: 3 | B21: Moisel Bernales | C21: Male | D21: Guio-ang | E21: Guindulman | G21: Swordtail | H21: 30 | I21: 90 | J21: pond | K21: satisfied | Q21: Sold | S21: 1290 | T21: =H17+H19+H39+H43+H49+H52+H59+H63+H75+H83+H86 -> 1290
A22: 3 | B22: Johnny Jamil | C22: Male | D22: Cambacay | E22: Batuan | G22: Excel | H22: 700 | I22: 140 | J22: pond | K22: satisfied | N22: 150 | Q22: Dispersed | S22: 3000
A23: 3 | B23: Pedro Gumapac | C23: Male | D23: La Hacienda | E23: Alicia | G23: Excel | H23: 500 | I23: 100 | J23: pond | K23: satisfied | N23: =500/5 -> 100 | Q23: Total | S23: =SUM(S21:S22) -> 4290
A24: 3 | B24: Hermie Sunag | C24: Female | D24: Baunos | E24: San Isidro | G24: Excel | H24: 200 | I24: 40 | J24: pond | K24: satisfied | N24: 70
A25: 3 | B25: Saturnina Maputi | C25: Female | D25: Villa Teresita | E25: Ubay | G25: Excel | H25: 1200 | I25: dispersed | J25: pond | K25: satisfied | N25: 300
A26: 3 | B26: Jaime Barace | C26: Male | D26: Villafuerte | E26: Carmen | G26: Excel | H26: 4000 | I26: 800 | J26: pond | K26: satisfied | N26: 600
A27: 3 | B27: Jonel Saldom | C27: Male | D27: Bugang Sur | E27: Bilar | G27: Excel | H27: 6000 | I27: 1200 | J27: pond | K27: satisfied | N27: 1200
A28: 3 | B28: Lyneth Ybañez | C28: Female | D28: Aloja | E28: Batuan | G28: Excel | H28: 3000 | I28: 600 | J28: pond | K28: satisfied | N28: 500
A29: 3 | B29: Eldie Travero | C29: Male | D29: San Jose | E29: Getafe | G29: Excel | H29: 6000 | I29: 1200 | J29: pond | K29: satisfied | N29: 2500
A30: 3 | B30: Rosie Gamalo | C30: Male | D30: Inaghuban | E30: Pilar | G30: Excel | H30: 500 | I30: dispersed | J30: pond | K30: satisfied | N30: 400
A31: 3 | B31: Rosie Gamalo | C31: Male | D31: Inaghuban | E31: Pilar | G31: Excel | H31: 1500 | I31: 600 | J31: pond | K31: satisfied
A32: 3 | B32: Niemesio Tutor | C32: Male | D32: Poblacion | E32: Alicia | G32: Excel | H32: 6000 | I32: 1200 | J32: pond | K32: satisfied | N32: 1000
A33: 3 | B33: Cherry Ann Gualde | C33: Female | D33: La Libertad | E33: Carmen | G33: Excel | H33: 500 | I33: 100 | J33: pond | K33: satisfied
A34: 3 | B34: Cherry Ann Gualde | C34: Female | D34: La Libertad | E34: Carmen | G34: Koicarp | H34: 6 | I34: 90 | J34: pond | K34: satisfied
A35: 3 | B35: Cherry Ann Gualde | C35: Female | D35: La Libertad | E35: Carmen | G35: Koicarp | H35: 4 | I35: 80 | J35: pond | K35: satisfied
A36: 3 | B36: Manuel Decasa | C36: Male | D36: Bicao | E36: Carmen | G36: Excel | H36: 500 | I36: dispersed | J36: pond | K36: satisfied | N36: 225
A37: 3 | B37: Manuel Decasa | C37: Male | D37: Bicao | E37: Carmen | G37: Excel | H37: 500 | I37: 100 | J37: pond | K37: satisfied
A38: 3 | B38: Joel Torculas | C38: Male | D38: Poblacion | E38: Batuan | G38: Excel | H38: 100 | I38: 20 | J38: pond | K38: satisfied
A39: 3 | B39: Joel Torculas | C39: Male | D39: Poblacion | E39: Batuan | G39: Hito | H39: 30 | I39: 30 | J39: pond | K39: satisfied
A40: 3 | B40: Arthur Hinampas | C40: Male | D40: Poblacion | E40: Alicia | G40: Excel | H40: 10000 | I40: 2000 | J40: pond | K40: satisfied | N40: 2000
A41: 3 | B41: Meriam Avenido | C41: Female | D41: Cabiguhan | E41: Trinidad | G41: Excel | H41: 25000 | I41: 5000 | J41: pond | K41: satisfied | N41: 15000
A42: 3 | B42: Loli Eldiser | C42: Female | D42: Bugang | E42: San Miguel | G42: Excel | H42: 15000 | I42: 3000 | J42: pond | K42: satisfied | N42: =15000/5 -> 3000
A43: 3 | B43: Loli Eldiser | C43: Female | D43: Bugang | E43: San Miguel | G43: Hito | H43: 20 | I43: 20 | J43: pond | K43: satisfied
A44: 3 | B44: Victorio Mira | C44: Male | D44: Quirino | E44: Batuan | G44: Excel | H44: 5000 | I44: 1000 | J44: pond | K44: satisfied | N44: 1200
A45: 3 | B45: Mark Loue Sarong | C45: Male | D45: Bicao | E45: Carmen | G45: Excel | H45: 500 | I45: dispersed | J45: pond | K45: satisfied | N45: 900
A46: 3 | B46: Mark Loue Sarong | C46: Male | D46: Bicao | E46: Carmen | G46: Excel | H46: 4000 | I46: 800 | J46: pond | K46: satisfied
A47: 3 | B47: Dennis Parinasan | C47: Male | D47: Liloan | E47: Inabanga | G47: Excel | H47: 3000 | I47: 600 | J47: pond | K47: satisfied | N47: 672
A48: 3 | B48: Rolando Planos | C48: Male | D48: Malitbog | E48: dagohoy | G48: Excel | H48: 500 | I48: 100 | J48: pond | K48: satisfied | N48: 80
A49: 3 | B49: Rolando Planos | C49: Male | D49: Malitbog | E49: dagohoy | G49: Hito | H49: 20 | I49: 20 | J49: pond | K49: satisfied
A50: 3 | B50: Petra Pesanos | C50: Female | D50: Buacao | E50: Clarin | G50: Excel | H50: 2000 | I50: 400 | J50: pond | K50: satisfied | N50: 300
A51: 3 | B51: Marlon Lumayag | C51: Male | D51: Causwagan | E51: Catigbian | G51: Excel | H51: 2000 | I51: 400 | J51: pond | K51: satisfied | N51: 400
A52: 3 | B52: Marlon Lumayag | C52: Male | D52: Causwagan | E52: Catigbian | G52: Hito | H52: 50 | I52: 50 | J52: pond | K52: satisfied
A53: 3 | B53: Michael Linteria | C53: Male | D53: Buangan | E53: Clarin | G53: Excel | H53: 1000 | I53: 200 | J53: pond | K53: satisfied | N53: 200
A54: 3 | B54: Anecito Avenido | C54: Male | D54: La Union | E54: Trinidad | G54: Excel | H54: 5000 | I54: 1000 | J54: pond | K54: satisfied | N54: 1000
A55: 3 | B55: Avelino Puracan | C55: Male | D55: Poblacion | E55: Talibon | G55: Excel | H55: 35000 | I55: 7000 | J55: pond | K55: satisfied | N55: 6000
A56: 3 | B56: Gregorio Torrepalma | C56: Male | D56: Lomboy | E56: Inabanga | G56: Excel | H56: 500 | I56: 100 | J56: pond | K56: satisfied | N56: 200
A57: 3 | B57: Alberto Albarido Jr | C57: Male | D57: Ilaya | E57: Trinidad | G57: Koicarp | H57: 5 | I57: 500 | J57: pond | K57: satisfied
A58: 3 | B58: Nicanor Cabug-os | C58: Male | D58: Poblacion | E58: Batuan | G58: Excel | H58: 2000 | I58: 400 | J58: pond | K58: satisfied | N58: 100
A59: 3 | B59: Nicanor Cabug-os | C59: Male | D59: Poblacion | E59: Batuan | G59: Hito | H59: 140 | I59: 140 | J59: pond | K59: satisfied
A60: 3 | B60: Mario Doroy | C60: Male | D60: San Ramon | E60: Sagbayan | G60: Excel | H60: 300 | I60: 60 | J60: pond | K60: satisfied | N60: 80
A61: 3 | B61: Leno Mañigo | C61: Male | D61: Banlasan | E61: Calape | G61: Excel | H61: 2000 | I61: dispersed | J61: pond | K61: satisfied | N61: 300
A62: 3 | B62: Gelberto Socorin | C62: Male | D62: Ilaya | E62: Inabanga | G62: Excel | H62: 1500 | I62: 300 | J62: pond | K62: satisfied | N62: 300
A63: 3 | B63: Gelberto Socorin | C63: Male | D63: Ilaya | E63: Inabanga | G63: Hito | H63: 200 | I63: 200 | J63: pond | K63: satisfied
A64: 3 | B64: Antonio Soria | C64: Male | D64: Bario Daan | E64: San Isidro | G64: Excel | H64: 500 | I64: 100 | J64: pond | K64: satisfied
A65: 3 | B65: Rosa Quilaton | C65: Female | D65: Garcia | E65: Batuan | G65: Excel | H65: 2000 | I65: 400 | J65: pond | K65: satisfied | N65: 600
A66: 3 | B66: Belinda Daza | C66: Female | D66: Cabatuan | E66: Danao | G66: Excel | H66: 1000 | I66: 200 | J66: pond | K66: satisfied | N66: 300
A67: 3 | B67: Belinda Daza | C67: Female | D67: Cabatuan | E67: Danao | G67: Excel | H67: 500 | I67: dispersed | J67: pond | K67: satisfied
A68: 3 | B68: Elma Amihan | C68: Female | D68: Cabatuan | E68: Danao | G68: Excel | H68: 500 | I68: dispersed | J68: pond | K68: satisfied | N68: 200
A69: 3 | B69: Joseph Amihan | C69: Male | D69: Cabatuan | E69: Danao | G69: Excel | H69: 500 | I69: dispersed | J69: pond | K69: satisfied | N69: 100
A70: 4 | B70: Anastacio Janiola | C70: Male | D70: Trinidad | E70: Guindulaman | G70: Excel | H70: 100000 | I70: 20000 | J70: pond | K70: satisfied | N70: 20000
A71: 4 | B71: Ritchie Escobido | C71: Male | D71: Kauswagan | E71: Trinidad | G71: Excel | H71: 10000 | I71: 2000 | J71: pond | K71: satisfied | N71: 5000
A72: 4 | B72: Gerardo Melencion | C72: Male | D72: Panghagban | E72: Buenavista | G72: Excel | H72: 1500 | I72: dispersed | J72: pond | K72: satisfied
A73: 4 | B73: Jaime Justol | C73: Male | D73: Canmaya Diot | E73: Sagbayan | G73: Excel | H73: 300 | I73: 60 | J73: pond | K73: satisfied | N73: 200
A74: 4 | B74: Mariel Kenneth Edusma | C74: Male | D74: Genoveva | E74: Valencia | G74: Excel | H74: 1500 | I74: 300 | J74: pond | K74: satisfied | N74: 300
A75: 4 | B75: Maria Agon | C75: Female | D75: Candumayao | E75: Catigbian | G75: Hito | H75: 200 | I75: 200 | J75: pond | K75: satisfied | N75: 1080
A76: 4 | B76: Benner Valmoria | C76: Male | D76: Banlasan | E76: Trinidad | G76: Excel | H76: 1500 | I76: 450 | J76: pond | K76: satisfied | N76: 200
A77: 4 | B77: Edgar Deloso | C77: Male | D77: Upper Lapaz | E77: Cortes | G77: Koicarp | H77: 400 | I77: 2000 | J77: pond | K77: satisfied
A78: 4 | B78: Anthony Torrefranca | C78: Male | D78: Poblacion | E78: Sagbayan | G78: Swordtail | H78: 50 | I78: 150 | J78: pond | K78: satisfied
A79: 4 | B79: Kenneth Mellomida | C79: Male | D79: Ubujan | E79: Inabanga | G79: Swordtail | H79: 50 | I79: 150 | J79: pond | K79: satisfied
A80: 4 | B80: Lord Vincent Degaum | C80: Male | D80: Baang | E80: Catigbian | G80: Koicarp | H80: 20 | I80: 200 | J80: pond | K80: satisfied
A81: 4 | B81: Lolita Añosa | C81: Female | D81: Nueva Fuerza | E81: Carmen | G81: Excel | H81: 20000 | I81: 4000 | J81: pond | K81: satisfied | N81: 5000
A82: 4 | B82: Ronald Anzano | C82: Male | D82: Cantuyoc | E82: Clarin | G82: Excel | H82: 500 | I82: 100 | J82: pond | K82: satisfied | N82: 150
A83: 4 | B83: Ronald Anzano | C83: Male | D83: Cantuyoc | E83: Clarin | G83: Hito | H83: 30 | I83: 30 | J83: pond | K83: satisfied
A84: 4 | B84: Mercy Dagatan | C84: Female | D84: Villaflor | E84: Clarin | G84: Excel | H84: 200 | I84: 40 | J84: pond | K84: satisfied | N84: 192
A85: 5 | B85: Rolando Tayone | C85: Male | D85: Bicao | E85: Carmen | G85: Excel | H85: 12000 | I85: 2400 | J85: pond | K85: satisfied | N85: 2000
A86: 5 | B86: Rolando Tayone | C86: Male | D86: Bicao | E86: Carmen | G86: Hito | H86: 50 | I86: 50 | J86: pond | K86: satisfied
A87: 5 | B87: Donato Albaroto | C87: Male | D87: Villafuerte | E87: Carmen | G87: Excel | H87: 2500 | I87: 500 | J87: pond | K87: satisfied | N87: 600
A88: 5 | B88: Ben Rosales | C88: Male | D88: Alegria | E88: Carmen | G88: Excel | H88: 500 | I88: 100 | J88: pond | K88: satisfied | S88: February 5-12, 2020
A89: 5 | B89: Sergio Maligro | C89: Male | D89: Nahawan | E89: Clarin | G89: Excel | H89: 1000 | I89: 200 | J89: pond | K89: satisfied | N89: 200
A90: 5 | B90: Sergio Maligro | C90: Male | D90: Nahawan | E90: Clarin | G90: Excel | H90: 500 | I90: dispersed | J90: pond | K90: satisfied | S90: TILAPIA
A91: 5 | B91: Bonifacio Escatron | C91: Male | D91: Bicao | E91: Carmen | G91: Excel | H91: 500 | I91: dispersed | J91: pond | K91: satisfied | N91: 100 | S91: Sold | U91: 84350 | W91: =SUM(H89,H97:H98,H109,H112:H121,H123:H124,H126:H128,H130:H134,H141:H146,H149:H150,H153:H160,H162,H164,H166,H168:H169) -> 84350
A92: 5 | B92: Roland Baguio | C92: Male | D92: Bicao | E92: Carmen | G92: Excel | H92: 500 | I92: dispersed | J92: pond | K92: satisfied | N92: 100 | S92: Dispersed | U92: 21500 | W92: =SUM(H90:H96,H99:H108,H122,H135:H140,H147:H148,H152,H161,H163,H165,H167) -> 21500
A93: 5 | B93: Nestor Deloso | C93: Male | D93: Bicao | E93: Carmen | G93: Excel | H93: 500 | I93: dispersed | J93: pond | K93: satisfied | N93: 400 | S93: Total | U93: 105850 | W93: =SUM(W91:W92) -> 105850
A94: 5 | B94: Apolinario Siga | C94: Male | D94: Pob. Norte | E94: Carmen | G94: Excel | H94: 500 | I94: dispersed | J94: pond | K94: satisfied | N94: 100 | S94: ORNAMENTAL
A95: 5 | B95: Victor Hinacay | C95: Male | D95: Bicao | E95: Carmen | G95: Excel | H95: 500 | I95: dispersed | J95: pond | K95: satisfied | N95: 100 | S95: Koi | U95: 5
A96: 5 | B96: Nicolas Cabusao | C96: Male | D96: Pob. Sur | E96: Carmen | G96: Excel | H96: 500 | I96: dispersed | J96: pond | K96: satisfied | N96: 100 | S96: SwordTail | U96: 50
A97: 5 | B97: Nicolas Cabusao | C97: Male | D97: Pob. Sur | E97: Carmen | G97: Excel | H97: 300 | I97: 60 | J97: pond | K97: satisfied | S97: Total | U97: 55
A98: 6 | B98: Silbestre Mellomida | C98: Male | D98: Poblacion | E98: Dagohoy | G98: Excel | H98: 500 | I98: 100 | J98: pond | K98: satisfied | N98: 300 | S98: HITO
A99: 6 | B99: Cornelio Glamiton | C99: Male | D99: Matin-ao | E99: Sierra Bullones | G99: Excel | H99: 500 | I99: dispersed | J99: pond | K99: satisfied | N99: 110 | S99: Sold | U99: 650
A100: 6 | B100: Felipe Galamiton | C100: Male | D100: Matin-ao | E100: Sierra Bullones | G100: Excel | H100: 500 | I100: dispersed | J100: pond | K100: satisfied | N100: 110 | S100: Dispersed | U100: 0
...

Sheet February (Group)
A1: FORMAT LIST OF ACTUAL BENEFICIARIES
C2: February, 2020
K3: Total No. Of Beneficiaries: 9
K4: Male: | L4: 6
K5: Female: | L5: 3
A6: a. Groups | K6: Others:(S.C./PWD)
C7: NUMBER | F7: Contact | G7: Name of | H7: Types of Goods/Services Received | K7: DATE OF IMPLEMENTATION
A8: NAME OF LGU/ASSOCIATION | C8: OF | D8: BARANGAY | E8: MUNICIPALITY | F8: No./Email | G8: Representatives | I8: QUANTITY | J8: COST('000)
C9: MEMBERS | F9: Address (if | G9: who received | H9: Type/Species | I9: RECEIVED | K9: TYPE | L9: SATISFIED/
F10: any) | I10: (Unit/kg/pcs. | L10: NOT SATISFIED
A11: DATE
A12: 3 | B12: LGU Antequera | E12: Antequera | G12: Paterna Premagado | H12: Excel | I12: 15500 | J12: dispersed | K12: pond | L12: satisfied | N12: =I12/5 -> 3100 | O12: =I12+I14+I15+I16 -> 50000
A13: 3 | B13: PFO Cebu | E13: Cebu | G13: Edgardo Delfin | H13: Hito | I13: 3000 | J13: dispersed | K13: pond | L13: satisfied
A14: 4 | B14: Panghagban Tilapia Grower Assoc. | D14: Panghagban | E14: Buenavista | G14: Samuel Lucero | H14: Excel | I14: 7500 | J14: dispersed | K14: pond | L14: satisfied | N14: =I14/5 -> 1500 | O14: =I12+I14+I15+I16+I17+I18+I19+I21 -> 158000
A15: 4 | B15: LGU Tubigon | E15: Tubigon | G15: Victor Boligao | H15: Excel | I15: 7000 | J15: dispersed | K15: pond | L15: satisfied | N15: =I15/5 -> 1400
A16: 4 | B16: LGU Catigbian | E16: Catigbian | G16: Emma Merano | H16: Excel | I16: 20000 | J16: dispersed | K16: pond | L16: satisfied | N16: =I16/5 -> 4000
A17: 12 | B17: Kasama sa Reporma Los Angeles Community for Integrated Livelihood Assoc. | D17: Los Angeles | E17: Ubay | G17: Josefina Tacmoy | H17: Excel | I17: 30000 | J17: dispersed | K17: pond | L17: satisfied | N17: =I17/5 -> 6000
A18: 13 | B18: Sto. Niño Farmers Assoc. | D18: Villahermoso | E18: Carmen | G18: Emilio Agbon | H18: Excel | I18: 5000 | J18: dispersed | K18: pond | L18: satisfied | N18: =I18/5 -> 1000 | O18: 35000
A19: 18 | B19: City Agriculture Office - Guihulngan City | E19: Guihulngan City, Negros Oriental | G19: Joel Cadiz | H19: Excel | I19: 61000 | J19: dispersed | K19: pond | L19: satisfied | N19: =I19/5 -> 12200
A20: 18 | B20: City Agriculture Office - Guihulngan City | E20: Guihulngan City, Negros Oriental | G20: Joel Cadiz | H20: Koicarp | I20: 30 | J20: dispersed | K20: pond | L20: satisfied
A21: 19 | B21: LGU - San Isidro | E21: San Isidro | G21: Ruel Cabug-os | H21: Excel | I21: 12000 | J21: 2400 | K21: pond | L21: satisfied | N21: =I21/5 -> 2400
J23: SUMMARY: | N23: =SUM(N12:N22) -> 31600
J24: Direct Client: 12,000 pcs
B25: Prepared and Submitted by: | E25: Noted by: | J25: Coordinating Office: 146,000 pcs
J26: C. Carp: 0
J27: Ornamental Fish: 30 pcs
B28: GAYMELO Y. LOPEZ | E28: MARIO N. RUINATA, Ph. D. | J28: Catfish: 3,000 pcs
B29: AQUA II/OIC- Center Chief | E29: Research, Development & Extension Coordinating Office | J29: Freshwater Prawn: 0
J30: Total area (sq.m)
J31: Freshwater: 31,600 sq. m.
J32: Brackishwater:

Sheet March 2020
A1: FORMAT LIST OF ACTUAL BENEFICIARIES
C2: March 2020
J3: Total No. Of Beneficiaries:
J4: Male:
J5: Female:
A6: a. Individuals | J6: Others:(S.C./PWD)
F7: Types of Goods/Services Received | J7: DATE OF IMPLEMENTATION
A8: NAME OF BENEFICIARIES | C8: GENDER | D8: BARANGAY | E8: MUNICIPALITY | F8: Contact No./Email | H8: QUANTITY | I8: COST('000)
F9: Address(if any) | G9: Type/Species | H9: RECEIVED | J9: TYPE | K9: SATISFIED/
H10: (Unit/kg/pcs.) | K10: NOT SATISFIED
A11: DATE
A12: 2 | B12: Nilo Niones | C12: Male | D12: Calatrava | E12: Carmen | G12: Excel | H12: 1000 | I12: 200 | J12: pond | K12: satisfied
A13: 2 | B13: Bonifacio Aranas | C13: Male | D13: Lajog | E13: Clarin | G13: Excel | H13: 250 | I13: 100 | J13: pond | K13: satisfied | M13: 15
A14: 2 | B14: Ponciano Viador | C14: Male | D14: Datag | E14: Inabanga | G14: Excel | H14: 150 | I14: 45 | J14: pond | K14: satisfied | M14: 40
A15: 2 | B15: Ramon Gulayan | C15: Male | D15: Buacao | E15: Clarin | G15: Excel | H15: 1200 | I15: 480 | J15: pond | K15: satisfied | M15: 200
A16: 2 | B16: Pepe gamalo | C16: Male | D16: Inaghubaw | E16: Pilar | G16: Excel | H16: 4000 | I16: 800 | J16: pond | K16: satisfied | M16: 1200
A17: 2 | B17: Florencio Lague | C17: Male | D17: Katipunan | E17: Carmen | G17: Excel | H17: 500 | I17: 100 | J17: pond | K17: satisfied | M17: 9
A18: 2 | B18: Gil Cadenas | C18: Male | D18: Guadalupe | E18: Carmen | G18: Excel | H18: 500 | I18: dispersed | J18: pond | K18: satisfied
A19: 2 | B19: Gil Cadenas | C19: Male | D19: Guadalupe | E19: Carmen | G19: Excel | H19: 2500 | I19: 500 | J19: pond | K19: satisfied
A20: 2 | B20: Mario Andot | C20: Male | D20: Campagao | E20: Bilar | G20: Excel | H20: 2000 | I20: 400 | J20: pond | K20: satisfied | M20: 300
A21: 2 | B21: Aries Dela Torre | C21: Male | D21: Libertad | E21: Tubigon | G21: Excel | H21: 1500 | I21: 300 | J21: pond | K21: satisfied | M21: 900
A22: 2 | B22: Crisel Bulan | C22: Female | D22: Dampas | E22: Tagbilaran | G22: Koicarp | H22: 33 | I22: 165 | J22: pond | K22: satisfied
A23: 2 | B23: Alan Lucero | C23: Male | E23: Batuan | G23: Excel | H23: 2000 | I23: 400 | J23: pond | K23: satisfied | M23: 1800
A24: 2 | B24: Felicitas Deliman | C24: Female | D24: Quezon | E24: Batuan | G24: Excel | H24: 4000 | I24: 800 | J24: pond | K24: satisfied
A25: 2 | B25: Ebenezer Abergas | C25: Male | D25: Ilihan | E25: Inabanga | G25: Excel | H25: 300 | I25: 60 | J25: pond | K25: satisfied
A26: 2 | B26: Pablo Lozada Jr. | C26: Male | D26: Cansaguit | E26: Loon | G26: Excel | H26: 150 | I26: 30 | J26: pond | K26: satisfied
A27: 2 | B27: Gabriel Espejo | C27: Male | D27: Poblacion Sur | E27: Carmen | G27: Excel | H27: 3500 | I27: 700 | J27: pond | K27: satisfied | M27: 450
A28: 2 | B28: Gabriel Espejo | C28: Male | D28: Poblacion Sur | E28: Carmen | G28: Koicarp | H28: 40 | I28: 400 | J28: pond | K28: satisfied
A29: 2 | B29: Rogelio Ombajin | C29: Male | D29: Buacao | E29: Clarin | G29: Excel | H29: 3000 | I29: 1200 | J29: pond | K29: satisfied | M29: 500
A30: 2 | B30: Aram Gacera | C30: Male | D30: Sto. Rosario | E30: Inabanga | G30: Excel | H30: 200 | I30: 40 | J30: pond | K30: satisfied | M30: 60
A31: 2 | B31: Petra Pesanos | C31: Female | D31: Buacao | E31: Clarin | G31: Excel | H31: 800 | I31: 160 | J31: pond | K31: satisfied | M31: 150
A32: 2 | B32: James Torregosa | C32: Male | D32: Magtangtang | E32: Danao | G32: Excel | H32: 4000 | I32: 800 | J32: pond | K32: satisfied | M32: 1500
A33: 2 | B33: Edgardo Podador | C33: Male | D33: Bunacan | E33: Tubigon | G33: Excel | H33: 1300 | I33: 260 | J33: pond | K33: satisfied | M33: 300
A34: 2 | B34: Jimmy Olarita | C34: Male | D34: San Miguel | E34: Dagohoy | G34: Excel | H34: 600 | I34: 120 | J34: pond | K34: satisfied | M34: 100
A35: 2 | B35: Marino Montojo | C35: Male | D35: Caluwasan | E35: Clarin | G35: Excel | H35: 36000 | I35: 7200 | J35: pond | K35: satisfied | M35: 15000
A36: 2 | B36: Arlene Cabusao | C36: Female | D36: Poblacion Sur | E36: Carmen | G36: Excel | H36: 1000 | I36: 400 | J36: pond | K36: satisfied | M36: 600
A37: 2 | B37: Arlene Cabusao | C37: Female | D37: Poblacion Sur | E37: Carmen | G37: Koicarp | H37: 20 | I37: 200 | J37: pond | K37: satisfied
A38: 2 | B38: Marvie Basmayor | C38: Female | D38: Mayana | E38: Jagna | G38: Swordtail | H38: 150 | I38: 450 | J38: pond | K38: satisfied
A39: 2 | B39: Almer Dungol | C39: Male | D39: Kinan-owan | E39: Trinidad | G39: Excel | H39: 6000 | I39: 1200 | J39: pond | K39: satisfied | M39: 1200
A40: 2 | B40: Glenn Divinagracia | C40: Male | D40: Sta. Fe | E40: Danao | G40: Excel | H40: 1000 | I40: 200 | J40: pond | K40: satisfied | M40: 100
A41: 2 | B41: Paulino dagamac | C41: Male | D41: Buenasuerte | E41: Pilar | G41: Excel | H41: 3000 | I41: 1200 | J41: pond | K41: satisfied | M41: 900
A42: 2 | B42: Demetria Helbero | C42: Female | D42: Villarcayo | E42: Carmen | G42: Excel | H42: 4000 | I42: 800 | J42: pond | K42: satisfied | M42: 900
A43: 2 | B43: Jason Entero | C43: Male | D43: Katipunan | E43: Carmen | G43: Excel | H43: 1000 | I43: 200 | J43: pond | K43: satisfied | M43: 150
A44: 2 | B44: Lorenzo Andrade | C44: Male | D44: Hagbuyo | E44: San Miguel | G44: Excel | H44: 3000 | I44: 600 | J44: pond | K44: satisfied | M44: 600
A45: 2 | B45: Maximo Mejorada | C45: Male | D45: San Vicente | E45: San Miguel | G45: Excel | H45: 1000 | I45: 200 | J45: pond | K45: satisfied | M45: 250
A46: 2 | B46: Yulsib Curib | C46: Male | D46: Poblacion | E46: Dagohoy | G46: Excel | H46: 1500 | I46: 300 | J46: pond | K46: satisfied | M46: 250
A47: 2 | B47: Jimmy Maleta | C47: Male | D47: Ulbujan | E47: Calape | G47: Excel | H47: 500 | I47: 100 | J47: pond | K47: satisfied
A48: 2 | B48: Honorio Penonia | C48: Male | D48: Mayana | E48: Jagna | G48: Excel | H48: 3000 | I48: 600 | J48: pond | K48: satisfied | M48: 600
A49: 2 | B49: Thelly Barde | C49: Female | D49: Triple Union | E49: Catigbian | G49: Excel | H49: 1500 | I49: 300 | J49: pond | K49: satisfied | M49: 250
A50: 2 | B50: Felipe Babida | C50: Male | D50: Ma. Rosario | E50: Inabanga | G50: Excel | H50: 250 | I50: 50 | J50: pond | K50: satisfied
A51: 2 | B51: Jerajane Namindang | C51: Female | D51: Canmanico | E51: Valencia | G51: Excel | H51: 500 | I51: 100 | J51: pond | K51: satisfied
A52: 2 | B52: Ma. Dulce Magdayo | C52: Female | D52: Antipolo | E52: garcia Hernandez | G52: Excel | H52: 15000 | I52: 3000 | J52: pond | K52: satisfied | M52: 3000
A53: 3 | B53: Susan Valmoria | C53: Female | D53: San Jose | E53: Talibon | G53: Excel | H53: 100 | I53: 40 | J53: pond | K53: satisfied | M53: 20
A54: 3 | B54: Renerio jacob | C54: Male | D54: Guadalupe | E54: Carmen | G54: Excel | H54: 500 | I54: 100 | J54: pond | K54: satisfied | M54: 2400
A55: 3 | B55: Renerio jacob | C55: Male | D55: Guadalupe | E55: Carmen | G55: Excel | H55: 500 | I55: dispersed | J55: pond | K55: satisfied
A56: 3 | B56: Roven Luma | C56: Male | D56: Bicao | E56: Carmen | G56: Excel | H56: 500 | I56: 200 | J56: pond | K56: satisfied | M56: 120
A57: 3 | B57: Rogelio Tumanda | C57: Male | D57: Sta. Cruz | E57: Batuan | G57: Excel | H57: 1000 | I57: 200 | J57: pond | K57: satisfied
A58: 3 | B58: Rogelio Tumanda | C58: Male | D58: Sta. Cruz | E58: Batuan | G58: Excel | H58: 6000 | I58: 2400 | J58: pond | K58: satisfied
A59: 3 | B59: Marcelo Bague | C59: Male | D59: Poblacion | E59: San Miguel | G59: Excel | H59: 1500 | I59: dispersed | J59: pond | K59: satisfied
A60: 3 | B60: Danilo Torres | C60: Male | D60: Poblacion | E60: San Miguel | G60: Excel | H60: 1500 | I60: dispersed | J60: pond | K60: satisfied
A61: 3 | B61: Oliver Boncales | C61: Male | D61: Poblacion | E61: San Miguel | G61: Excel | H61: 1500 | I61: dispersed | J61: pond | K61: satisfied
A62: 3 | B62: Arturo Sugala | C62: Male | D62: El Progreso | E62: Carmen | G62: Excel | H62: 1500 | I62: dispersed | J62: pond | K62: satisfied | M62: 600
A63: 3 | B63: Arturo Sugala | C63: Male | D63: El Progreso | E63: Carmen | G63: Excel | H63: 500 | I63: 100 | J63: pond | K63: satisfied
A64: 3 | B64: a | C64: Male | D64: Kawayan | E64: Loon | G64: Excel | H64: 100 | I64: 40 | J64: pond | K64: satisfied | M64: 10
A65: 3 | B65: Benvienido Galviso | C65: Male | D65: Nueva Fuerza | E65: Carmen | G65: Excel | H65: 5000 | I65: 1000 | J65: pond | K65: satisfied | M65: 1000
A66: 4 | B66: Larry Felias | C66: Male | D66: Kinan-owan | E66: Tinidad | G66: Excel | H66: 200 | I66: 80 | J66: pond | K66: satisfied | M66: 50
A67: 4 | B67: Jimmy Leonar | C67: Male | D67: Caluwasan | E67: Clarin | G67: Excel | H67: 5000 | I67: 1000 | J67: pond | K67: satisfied | M67: 1000
A68: 4 | B68: Exuperio Matabilas | C68: Male | D68: San Roque | E68: Maribojoc | G68: Excel | H68: 500 | I68: 100 | J68: pond | K68: satisfied | M68: 150
A69: 4 | B69: Jessie Tesio | C69: Male | D69: Calatrava | E69: Carmen | G69: Excel | H69: 1500 | I69: dispersed | J69: pond | K69: satisfied
A70: 4 | B70: Alfonso dela Peña | C70: Male | D70: Poblacion | E70: Candijay | G70: Excel | H70: 1500 | I70: dispersed | J70: pond | K70: satisfied
A71: 4 | B71: Silvestre Busilak | C71: Male | D71: Poblacion | E71: Candijay | G71: Excel | H71: 1500 | I71: dispersed | J71: pond | K71: satisfied
A72: 4 | B72: Genaro Musoy | C72: Male | D72: Poblacion | E72: Candijay | G72: Excel | H72: 1500 | I72: dispersed | J72: pond | K72: satisfied
A73: 4 | B73: Ananias Butoy | C73: Male | D73: Villafuerte | E73: Carmen | G73: Excel | H73: 3000 | I73: 600 | J73: pond | K73: satisfied | M73: 700 | O73: March 2-5, 2020
A74: 4 | B74: Joed Tiongson | C74: Male | D74: El Progreso | E74: Carmen | G74: Excel | H74: 300 | I74: 60 | J74: pond | K74: satisfied | O74: TILAPIA
A75: 4 | B75: Helen Daguplo | C75: Female | D75: La Suerte | E75: Pilar | G75: Excel | H75: 500 | I75: 100 | J75: pond | K75: satisfied | M75: 250 | O75: Sold | Q75: 147900
A76: 4 | B76: Helen Daguplo | C76: Female | D76: La Suerte | E76: Pilar | G76: Excel | H76: 500 | I76: dispersed | J76: pond | K76: satisfied | O76: Dispersed | Q76: 40500
A77: 4 | B77: Cecilio Pedrasita | C77: Male | D77: Bayong | E77: Guindulman | G77: Excel | H77: 1500 | I77: dispersed | J77: pond | K77: satisfied | O77: Total | Q77: 188400
A78: 4 | B78: Joeve Hinampas | C78: Male | D78: Bayong | E78: Guindulman | G78: Excel | H78: 1500 | I78: dispersed | J78: pond | K78: satisfied | O78: COMM CARP
A79: 4 | B79: Felipe Duropan | C79: Male | D79: Bayabas | E79: Guindulman | G79: Excel | H79: 1500 | I79: dispersed | J79: pond | K79: satisfied | O79: Dispersed | Q79: 61
A80: 4 | B80: Joveno Datajan | C80: Male | D80: Bayabas | E80: Guindulman | G80: Excel | H80: 1500 | I80: dispersed | J80: pond | K80: satisfied | O80: ORNAMENTAL
A81: 4 | B81: Ma. Michelle Felisan | C81: Female | D81: Lomboy | E81: Guindulman | G81: Excel | H81: 1000 | I81: 200 | J81: pond | K81: satisfied | O81: Koi | Q81: 93
A82: 5 | B82: Clemente Manla | C82: Male | D82: Cambacay | E82: Bataun | G82: Excel | H82: 2500 | I82: 500 | J82: pond | K82: satisfied | M82: 330 | O82: Swordtail | Q82: 150
A83: 5 | B83: Clemente Manla | C83: Male | D83: Cambacay | E83: Bataun | G83: Excel | H83: 500 | I83: dispersed | J83: pond | K83: satisfied | O83: Total | Q83: 243
A84: 5 | B84: Crispin Lumantas | C84: Male | D84: Calingaan | E84: Sevilla | G84: Excel | H84: 7000 | I84: 2100 | J84: pond | K84: satisfied | M84: 70sqm
A85: 5 | B85: Marino Magbanua | C85: Male | D85: Calatrava | E85: Carmen | G85: Excel | H85: 1500 | I85: dispersed | J85: pond | K85: satisfied
A86: 5 | B86: Martin Bitang | C86: Male | D86: Dagnawan | E86: Sagbayan | G86: Excel | H86: 3000 | I86: 600 | J86: pond | K86: satisfied
A87: 5 | B87: Mary Jane Quibol | C87: Female | D87: Mandaug | E87: Calape | G87: Excel | H87: 1000 | I87: 200 | J87: pond | K87: satisfied | M87: 300
A88: 5 | B88: Roniel Amila | C88: Male | D88: Inahuban | E88: Pilar | G88: Excel | H88: 700 | I88: 140 | J88: pond | K88: satisfied | M88: 300
A89: 5 | B89: Leo Payot | C89: Male | D89: Sta. Cruz | E89: Batuan | G89: Excel | H89: 150 | I89: 30 | J89: pond | K89: satisfied
A90: 5 | B90: Binifacio Quibol | C90: Male | D90: Mandaug | E90: Calape | G90: Excel | H90: 1500 | I90: dispersed | J90: pond | K90: satisfied
A91: 5 | B91: Avelino Café | C91: Male | D91: Abachanan | E91: Sierra Bullones | G91: Excel | H91: 3000 | I91: 600 | J91: pond | K91: satisfied | M91: 400
A92: 5 | B92: Neldo Largo | C92: Male | D92: Bicao | E92: Carmen | G92: Excel | H92: 500 | I92: dispersed | J92: pond | K92: satisfied | M92: 1200
A93: 5 | B93: Neldo Largo | C93: Male | D93: Bicao | E93: Carmen | G93: Excel | H93: 1000 | I93: 200 | J93: pond | K93: satisfied
A94: 5 | B94: Alexander Padillo | C94: Male | D94: Bicao | E94: Carmen | G94: Excel | H94: 500 | I94: dispersed | J94: pond | K94: satisfied | M94: 400
A95: 5 | B95: Alexander Padillo | C95: Male | D95: Bicao | E95: Carmen | G95: Excel | H95: 500 | I95: 100 | J95: pond | K95: satisfied
A96: 5 | B96: Camelo Ramirez | C96: Male | D96: Bicao | E96: Carmen | G96: Excel | H96: 500 | I96: dispersed | J96: pond | K96: satisfied
A97: 5 | B97: Camelo Ramirez | C97: Male | D97: Bicao | E97: Carmen | G97: Excel | H97: 500 | I97: 100 | J97: pond | K97: satisfied
A98: 5 | B98: Crisologo Doria | C98: Male | D98: Zamora | E98: Bilar | G98: Excel | H98: 6000 | I98: 1200 | J98: pond | K98: satisfied | M98: 5000
A99: 5 | B99: Tito Causin | C99: Male | D99: Barili | E99: Cebu | G99: Excel | H99: 10000 | I99: 2000 | J99: pond | K99: satisfied
A100: 5 | B100: Ricky Meomeo | C100: Male | D100: Calatrava | E100: Carmen | G100: Excel | H100: 300 | I100: 60 | J100: pond | K100: satisfied | M100: 150
...

Sheet March (Group)
A1: FORMAT LIST OF ACTUAL BENEFICIARIES
C2: March, 2020
K3: Total No. Of Beneficiaries:
K4: Male:
K5: Female:
A6: a. Groups | K6: Others:(S.C./PWD)
C7: NUMBER | F7: Contact | G7: Name of | H7: Types of Goods/Services Received | K7: DATE OF IMPLEMENTATION
A8: NAME OF LGU/ASSOCIATION | C8: OF | D8: BARANGAY | E8: MUNICIPALITY | F8: No./Email | G8: Representatives | I8: QUANTITY | J8: COST('000)
C9: MEMBERS | F9: Address (if | G9: who received | H9: Type/Species | I9: RECEIVED | K9: TYPE | L9: SATISFIED/
F10: any) | I10: (Unit/kg/pcs. | L10: NOT SATISFIED
A11: DATE
A12: 2 | B12: LGU Valencia | D12: Canmanico | E12: Valencia | G12: Jerajane Namindang | H12: Excel | I12: 5000 | J12: dispersed | K12: pond | L12: satisfied | N12: =I12+I14+I15 -> 19000
A13: 3 | B13: LGU Antiquera | D13: Tupas | E13: Antiquera | G13: Bertillo Tongco | H13: C. carp | I13: 61 | J13: dispersed
A14: 4 | B14: LGU Maribojoc | E14: Maribojoc | G14: Faith Angelie Inot | H14: Excel | I14: 4000 | J14: dispersed
A15: 4 | B15: LGU Mabini | E15: Mabini | G15: Marcelino Taghap | H15: Excel | I15: 10000 | J15: dispersed
A16: 13 | B16: LGU Tubigon | E16: Tubigon | G16: Victor Boligao | H16: Excel | I16: 6000 | J16: dispersed
A17: 24 | B17: LGU San Isidro | E17: San Isidro | G17: Ruel Cabug-os | H17: Excel | I17: 4000 | J17: dispersed
A18: 31 | B18: LGU Pilar | D18: Malinaw Dam | E18: Pilar | G18: Carmen Cubrado | H18: Excel | I18: 229000 | J18: dispersed
J22: SUMMARY:
J23: Direct Client:
B24: Prepared and Submitted by: | E24: Noted by: | J24: Coordinating Office:
J25: C. Carp:
J26: Ornamental Fish:
B27: GAYMELO Y. LOPEZ | E27: MARIO N. RUINATA, Ph. D. | J27: Catfish:
B28: AQUA II/OIC- Center Chief | E28: Assistant Under The Office Of The Regional Director | J28: Freshwater Prawn:
J29: Total area (sq.m)
J30: Freshwater:
J31: Brackishwater:

Sheet April 2020
A1: FORMAT LIST OF ACTUAL BENEFICIARIES
C2: April 2020
J3: Total No. Of Beneficiaries:
J4: Male:
J5: Female:
A6: a. Individuals | J6: Others:(S.C./PWD)
F7: Types of Goods/Services Received | J7: DATE OF IMPLEMENTATION
A8: NAME OF BENEFICIARIES | C8: GENDER | D8: BARANGAY | E8: MUNICIPALITY | F8: Contact No./Email | H8: QUANTITY | I8: COST('000)
F9: Address(if any) | G9: Type/Species | H9: RECEIVED | J9: TYPE | K9: SATISFIED/
H10: (Unit/kg/pcs.) | K10: NOT SATISFIED
A11: DATE
A12: 1 | B12: Ruel Cabug-os | C12: Male | D12: Abehilan | E12: San Isidro | G12: Excel | H12: 2500 | I12: 500 | J12: pond | K12: satisfied | M12: 500
A13: 1 | B13: Eduardo Navaro | C13: Male | D13: San Antonio | E13: Sagbayan | G13: Excel | H13: 3500 | I13: 700 | J13: pond | K13: satisfied | M13: 400
A14: 2 | B14: Terry Cook | C14: Male | D14: Macaas | E14: Tubigon | G14: Excel | H14: 200 | I14: 60 | J14: pond | K14: satisfied
A15: 2 | B15: Juliser Mangmang | C15: Male | D15: Nueva Fuerza | E15: Carmen | G15: Excel | H15: 500 | I15: dispersed | J15: pond | K15: satisfied | M15: 900
A16: 2 | B16: Juliser Mangmang | C16: Male | D16: Nueva Fuerza | E16: Carmen | G16: Excel | H16: 1500 | I16: 300 | J16: pond | K16: satisfied
A17: 3 | B17: Nelson Suralta | C17: Male | D17: Pob. Sur | E17: Clarin | G17: Excel | H17: 500 | I17: dispersed | J17: pond | K17: satisfied | M17: 150
A18: 3 | B18: Nelson Suralta | C18: Male | D18: Pob. Sur | E18: Clarin | G18: Excel | H18: 2000 | I18: 400 | J18: pond | K18: satisfied
A19: 3 | B19: Ritchie Botoy | C19: Male | D19: Buangan | E19: Clarin | G19: Excel | H19: 500 | I19: 100 | J19: pond | K19: satisfied
A20: 3 | B20: Pedro Valentus | C20: Male | D20: Villafuerte | E20: Carmen | G20: Excel | H20: 4000 | I20: 1200 | J20: pond | K20: satisfied | M20: 5400
A21: 4 | B21: Cris Doria | C21: Male | D21: Zamora | E21: Bilar | G21: Excel | H21: 2000 | I21: 400 | J21: pond | K21: satisfied
A22: 4 | B22: Efren Lumenario | C22: Male | D22: Villafuerte | E22: Carmen | G22: Excel | H22: 23000 | I22: 9200 | J22: pond | K22: satisfied
A23: 4 | B23: Arnel Sanchez | C23: Male | D23: Inaghuban | E23: Pilar | G23: Excel | H23: 2000 | I23: 600 | J23: pond | K23: satisfied | M23: 72
A24: 5 | B24: Jacinto Torreon | C24: Male | D24: Banahaw | E24: Inabanga | G24: Excel | H24: 300 | I24: 90 | J24: pond | K24: satisfied
A25: 5 | B25: Reynaldo Omamalin | C25: Male | D25: Montesuerte | E25: Carmen | G25: Excel | H25: 1000 | I25: 200 | J25: pond | K25: satisfied | M25: 200
A26: 5 | B26: Aloysius Siarot | C26: Male | D26: Nahawan | E26: Clarin | G26: Excel | H26: 500 | I26: 100 | J26: pond | K26: satisfied | M26: 100
A27: 5 | B27: Francisco Fernandez | C27: Male | D27: Bongbong | E27: Catigbian | G27: Excel | H27: 300 | I27: 60 | J27: pond | K27: satisfied | M27: 50
A28: 6 | B28: Reymond Omaña | C28: Male | D28: Buacao | E28: Clarin | G28: Excel | H28: 500 | I28: dispersed | J28: pond | K28: satisfied
A29: 6 | B29: Reymond Omaña | C29: Male | D29: Buacao | E29: Clarin | G29: Excel | H29: 2000 | I29: 400 | J29: pond | K29: satisfied
A30: 6 | B30: Reynaldo Espina | C30: Male | D30: Tan-awan | E30: Tubigon | G30: Excel | H30: 500 | I30: dispersed | J30: pond | K30: satisfied
A31: 6 | B31: Reynaldo Espina | C31: Male | D31: Tan-awan | E31: Tubigon | G31: Excel | H31: 2000 | I31: 400 | J31: pond | K31: satisfied
A32: 6 | B32: Terso Cerencio Sr. | C32: Male | D32: San Miguel | E32: Dagohoy | G32: Excel | H32: 500 | I32: dispersed | J32: pond | K32: satisfied | O32: April 1-8, 2020
A33: 6 | B33: Terso Cerencio Sr. | C33: Male | D33: San Miguel | E33: Dagohoy | G33: Excel | H33: 3000 | I33: 600 | J33: pond | K33: satisfied | O33: TILAPIA
A34: 6 | B34: Marcelino Ecat | C34: Male | D34: San Miguel | E34: Dagohoy | G34: Excel | H34: 500 | I34: dispersed | J34: pond | K34: satisfied | O34: Sold | P34: 56600
A35: 6 | B35: Marcelino Ecat | C35: Male | D35: San Miguel | E35: Dagohoy | G35: Excel | H35: 3500 | I35: 700 | J35: pond | K35: satisfied | O35: Dispersed | P35: 3000
A36: 7 | B36: Dann Vaño | C36: Male | D36: Bogtongbod | E36: Clarin | G36: Excel | H36: 100 | I36: 20 | J36: pond | K36: satisfied | O36: Total | P36: 59600
A37: 7 | B37: Joena Parohinog | C37: Female | D37: Nahawan | E37: Clarin | G37: Excel | H37: 200 | I37: 40 | J37: pond | K37: satisfied | M37: 25
A38: 8 | B38: Nemesio Oronan | C38: Male | D38: Tubod | E38: Clarin | G38: Excel | H38: 2500 | I38: 1000 | J38: pond | K38: satisfied | M38: 1000
A39: 8 | B39: Geoffrey Cepedoza | C39: Male | D39: Magtangtang | E39: Danao | G39: Excel | H39: 5000 | I39: 1500 | J39: pond | K39: satisfied
A40: 8 | B40: Ma. Rodela | C40: Female | D40: San Ramon | E40: Sagbayan | G40: Excel | H40: 500 | I40: dispersed | J40: pond | K40: satisfied | M40: 800
A41: 8 | B41: Warren Maghanoy | C41: Male | D41: Poblacion | E41: Sierra Bullones | G41: Excel | H41: 500 | I41: 150 | J41: pond | K41: satisfied
A42: 8 | B42: Noel Patayan | C42: Male | D42: Katipunan | E42: Clarin | G42: Excel | H42: 600 | I42: 120 | J42: pond | K42: satisfied
A43: 11 | B43: Alejandro Mejias | C43: Male | E43: Batuan | G43: Excel | H43: 1000 | I43: 200 | J43: pond | K43: satisfied
A44: 12 | B44: Manuel Balaba | C44: Male | D44: Lonoy | E44: Jagna | G44: Excel | H44: 4000 | I44: 1200 | J44: pond | K44: satisfied | M44: 800
A45: 13 | B45: Eleuterio Remoreras Jr. | C45: Male | D45: Buacao | E45: Clarin | G45: Excel | H45: 500 | I45: dispersed | J45: pond | K45: satisfied | M45: 300
A46: 13 | B46: Eleuterio Remoreras Jr. | C46: Male | D46: Buacao | E46: Clarin | G46: Excel | H46: 1500 | I46: 300 | J46: pond | K46: satisfied
A47: 13 | B47: Francisco Valentus | C47: Male | D47: Buacao | E47: Clarin | G47: Excel | H47: 12000 | I47: 2400 | J47: pond | K47: satisfied | M47: 2400 | O47: April 8-14, 2020
A48: 13 | B48: Felipe Galamiton Jr. | C48: Male | D48: Matin-aw | E48: Sierra Bullones | G48: Excel | H48: 150 | I48: 30 | J48: pond | K48: satisfied | M48: 50 | O48: TILAPIA
A49: 13 | B49: Jessei Canilao | C49: Male | D49: Songculan | E49: Dauis | G49: Excel | H49: 500 | I49: 100 | J49: pond | K49: satisfied | O49: Sold | P49: 37750
A50: 14 | B50: Christine Salisi | C50: Female | D50: Katipunan | E50: Carmen | G50: Excel | H50: 500 | I50: dispersed | J50: pond | K50: satisfied | M50: 500 | O50: Dispersed | P50: 2000
A51: 14 | B51: Christine Salisi | C51: Female | D51: Katipunan | E51: Carmen | G51: Excel | H51: 6500 | I51: 1300 | J51: pond | K51: satisfied | O51: Total | P51: =SUM(P49:P50) -> 39750
A52: 14 | B52: Mario Suralta | C52: Male | D52: Pob. Sur | E52: Clarin | G52: Excel | H52: 1500 | I52: 450 | J52: pond | K52: satisfied | M52: 250
A53: 14 | B53: Rolando Anaba | C53: Male | D53: Pob Sur | E53: Clarin | G53: Excel | H53: 500 | I53: dispersed | J53: pond | K53: satisfied | M53: 600
A54: 14 | B54: Rolando Anaba | C54: Male | D54: Pob Sur | E54: Clarin | G54: Excel | H54: 2500 | I54: 500 | J54: pond | K54: satisfied
A55: 15 | B55: Jose Llano | C55: Male | D55: Cambacay | E55: Batuan | G55: Excel | H55: 2000 | I55: 600 | J55: pond | K55: satisfied | M55: 400
A56: 15 | B56: Leonardo Bulala | C56: Male | D56: San Miguel | E56: Dagohoy | G56: Excel | H56: 3000 | I56: 600 | J56: pond | K56: satisfied | M56: 1600
A57: 15 | B57: Jhon Punio | C57: Male | D57: Lajog | E57: Clarin | G57: Excel | H57: 100 | I57: 40 | J57: pond | K57: satisfied
A58: 15 | B58: Jhon Punio | C58: Male | D58: Lajog | E58: Clarin | G58: Koi carp | H58: 5 | I58: 100 | J58: pond | K58: satisfied
A59: 15 | B59: Vilmar Marimon | C59: Female | D59: Tangaran | E59: Clarin | G59: Koi carp | H59: 10 | I59: 150 | J59: pond | K59: satisfied | O59: 43936
A60: 15 | B60: Jawsmar Flores | C60: Male | D60: Comaang | E60: Clarin | G60: Excel | H60: 250 | I60: 50 | J60: pond | K60: satisfied | O60: TILAPIA
A61: 15 | B61: Noel Gomez | C61: Male | D61: Bogtongbod | E61: Clarin | G61: Excel | H61: 300 | I61: 120 | J61: pond | K61: satisfied | O61: Sold | P61: =H55+H56+H57+H60+H61+H63+H65+H66+H67+H68+H70 -> 21950
A62: 15 | B62: Romeo Gandolfus | C62: Male | D62: Danahaw | E62: Clarin | G62: Koi carp | H62: 12 | I62: 60 | J62: pond | K62: satisfied | O62: Dispersed | P62: =H64 -> 6000
A63: 15 | B63: Rhoy Nogalada | C63: Male | D63: Causwagan | E63: Trinidad | G63: Excel | H63: 10000 | I63: 2000 | J63: pond | K63: satisfied | O63: Total | P63: =SUM(P61:P62) -> 27950
A64: 15 | B64: Jorge Comahig | C64: Male | D64: Cogon | E64: Balilihan | G64: Excel | H64: 6000 | I64: dispersed | J64: pond | K64: satisfied | O64: ORNAMENTAL
A65: 15 | B65: Jorge Comahig | C65: Male | D65: Cogon | E65: Balilihan | G65: Excel | H65: 2000 | I65: 400 | J65: pond | K65: satisfied | O65: Koi | P65: =H58+H59+H62+H69 -> 32
A66: 15 | B66: Jorge Comahig | C66: Male | D66: Cogon | E66: Balilihan | G66: Excel | H66: 100 | I66: 30 | J66: pond | K66: satisfied
A67: 15 | B67: Sergio Inferido | C67: Male | D67: Tontunan | E67: Clarin | G67: Excel | H67: 2500 | I67: 500 | J67: pond | K67: satisfied
A68: 15 | B68: Renan Edulsa | C68: Male | D68: Pob. Norte | E68: Carmen | G68: Excel | H68: 1500 | I68: 300 | J68: pond | K68: satisfied
A69: 15 | B69: Richard Paraguya | C69: Male | E69: Tagbilaran | G69: Koi carp | H69: 5 | I69: dispersed | J69: pond | K69: satisfied
A70: 15 | B70: Jesus de Asis | C70: Male | D70: Alegria | E70: Carmen | G70: Excel | H70: 200 | I70: 60 | J70: pond | K70: satisfied
A71: 16 | B71: Paul John Vincent Malaran | C71: Male | D71: Pob. Sur | E71: Carmen | G71: Excel | H71: 11000 | I71: 2200 | J71: pond | K71: satisfied
A72: 16 | B72: Marc Candado | C72: Male | D72: Cambitoon | E72: Inabanga | G72: Excel | H72: 300 | I72: 90 | J72: pond | K72: satisfied
A73: 20 | B73: Angelina Hoffman | C73: Female | D73: Bogtongbod | E73: Clarin | G73: Excel | H73: 1500 | I73: 450 | J73: pond | K73: satisfied
A74: 20 | B74: Milyn Estillore | C74: Female | D74: Caluwasan | E74: Clarin | G74: Excel | H74: 100 | I74: 20 | J74: pond | K74: satisfied
A75: 20 | B75: Milyn Estillore | C75: Female | D75: Caluwasan | E75: Clarin | G75: Excel | H75: 500 | I75: 150 | J75: pond | K75: satisfied
A76: 20 | B76: Nerie Buaya | C76: Male | D76: Janlud | E76: Batuan | G76: Excel | H76: 3000 | I76: 600 | J76: pond | K76: satisfied
A77: 20 | B77: Jeffre Prito | C77: Male | D77: Triple Union | E77: Catigbian | G77: Excel | H77: 250 | I77: 50 | J77: pond | K77: satisfied
A78: 20 | B78: Meliza Espinal | C78: Female | D78: La Libertad | E78: Carmen | G78: Excel | H78: 500 | I78: dispersed | J78: pond | K78: satisfied
A79: 20 | B79: Meliza Espinal | C79: Female | D79: La Libertad | E79: Carmen | G79: Excel | H79: 1500 | I79: 300 | J79: pond | K79: satisfied
A80: 20 | B80: Felipa Alicame | C80: Female | D80: Tubod | E80: Clarin | G80: Excel | H80: 5000 | I80: 1000 | J80: pond | K80: satisfied | M80: =H80/5 -> 1000
A81: 20 | B81: Jocelyn Yagong | C81: Female | D81: Caboy | E81: Clarin | G81: Excel | H81: 1000 | I81: 300 | J81: pond | K81: satisfied | M81: =1000/5 -> 200
A82: 20 | B82: Alfredo Delfino | C82: Male | D82: Tuntunan | E82: Clarin | G82: Excel | H82: 600 | I82: 120 | J82: pond | K82: satisfied | M82: =600/5 -> 120
A83: 20 | B83: Roldan Sumaylo | C83: Male | D83: Katipunan | E83: Carmen | G83: Excel | H83: 2500 | I83: 500 | J83: pond | K83: satisfied | M83: =2500/5 -> 500
A84: 20 | B84: Jessie Camazo | C84: Male | D84: Poblacion | E84: Danao | G84: Excel | H84: 1200 | I84: 240 | J84: pond | K84: satisfied | M84: =1200/5 -> 240
A85: 21 | B85: Nicolas Hangad | C85: Male | D85: Patrocino | E85: Cortes | G85: Excel | H85: 500 | I85: 100 | J85: pond | K85: satisfied | M85: 150
A86: 21 | B86: Rogelio Patayan | C86: Male | D86: Katipunan | E86: Clarin | G86: Excel | H86: 2000 | I86: 400 | J86: pond | K86: satisfied | M86: 200
A87: 21 | B87: Jose Maldora | C87: Male | D87: Triple Union | E87: Catigbian | G87: Excel | H87: 100 | I87: 40 | J87: pond | K87: satisfied | M87: =100/5 -> 20
A88: 21 | B88: Rogelio Jagotin | C88: Male | D88: Aloja | E88: Batuan | G88: Excel | H88: 2000 | I88: 400 | J88: pond | K88: satisfied | M88: 2000
A89: 21 | B89: Ruel Lucero | C89: Male | D89: San Roque | E89: Sagbayan | G89: Excel | H89: 500 | I89: dispersed | J89: pond | K89: satisfied | M89: 600
A90: 21 | B90: Ruel Lucero | C90: Male | D90: San Roque | E90: Sagbayan | G90: Excel | H90: 200 | I90: 80 | J90: pond | K90: satisfied
A91: 21 | B91: Ruel Lucero | C91: Male | D91: San Roque | E91: Sagbayan | G91: Koi carp | H91: 10 | I91: 100 | J91: pond | K91: satisfied
A92: 22 | B92: Constancio Manatad | C92: Male | D92: Villaflor | E92: Clarin | G92: Excel | H92: 400 | I92: 120 | J92: pond | K92: satisfied | M92: 100
A93: 22 | B93: John Limar Patayan | C93: Male | D93: Katipunan | E93: Clarin | G93: Excel | H93: 1000 | I93: 400 | J93: pond | K93: satisfied | M93: 50
A94: 22 | B94: Louie Alboroto | C94: Male | D94: Katipunan | E94: Carmen | G94: Excel | H94: 1000 | I94: 400 | J94: pond | K94: satisfied | M94: 300
A95: 22 | B95: Sergio Vergara | C95: Male | D95: Katipunan | E95: Carmen | G95: Excel | H95: 1000 | I95: 200 | J95: pond | K95: satisfied | M95: 200
A96: 22 | B96: Pedro Tagupa | C96: Male | D96: Katipunan | E96: Carmen | G96: Excel | H96: 2000 | I96: 400 | J96: pond | K96: satisfied | M96: 600
A97: 22 | B97: Manuel Gutas | C97: Male | D97: Katipunan | E97: Carmen | G97: Excel | H97: 5500 | I97: 1100 | J97: pond | K97: satisfied | M97: 1000
A98: 22 | B98: Manuel Gutas | C98: Male | D98: Katipunan | E98: Carmen | G98: Excel | H98: 500 | I98: dispersed | J98: pond | K98: satisfied
A99: 22 | B99: Salvador Rosales | C99: Male | D99: Bicao | E99: Carmen | G99: Excel | H99: 1500 | I99: 300 | J99: pond | K99: satisfied | M99: =1500/5 -> 300
A100: 22 | B100: Leonardo Inson | C100: Male | D100: Nueva Vida Norte | E100: Carmen | G100: Excel | H100: 300 | I100: 120 | J100: pond | K100: satisfied | M100: 100
...

Sheet April (Group)
A1: FORMAT LIST OF ACTUAL BENEFICIARIES
C2: April, 2020
K3: Total No. Of Beneficiaries:
K4: Male:
K5: Female:
A6: a. Groups | K6: Others:(S.C./PWD)
C7: NUMBER | F7: Contact | G7: Name of | H7: Types of Goods/Services Received | K7: DATE OF IMPLEMENTATION
A8: NAME OF LGU/ASSOCIATION | C8: OF | D8: BARANGAY | E8: MUNICIPALITY | F8: No./Email | G8: Representatives | I8: QUANTITY | J8: COST('000)
C9: MEMBERS | F9: Address (if | G9: who received | H9: Type/Species | I9: RECEIVED | K9: TYPE | L9: SATISFIED/
F10: any) | I10: (Unit/kg/pcs. | L10: NOT SATISFIED
A11: DATE
A12: 21 | B12: LGU Loboc | E12: Loboc | G12: Jelen Nalugon | H12: Excel | I12: 62000 | J12: dispersed | K12: river | L12: satisfied | N12: =I12+I13 -> 92000
A13: 24 | B13: LGU Garcia Hernandez | D13: Lungsodaan | E13: Garcia Hernandez | G13: Mary Ann Abucejo | H13: Excel | I13: 30000 | J13: dispersed | L13: satisfied
A14: 28 | B14: LGU San Isidro | E14: San Isidro | G14: Romeo Torralba | H14: Excel | I14: 6000 | J14: 1200 | K14: pond | L14: satisfied | M14: =6000/5 -> 1200
A15: 28 | B15: KADIWA on WHEELS | E15: Cortes | H15: Marketable Tilapia | I15: 31.5 | J15: 2520
J22: SUMMARY:
J23: Direct Client:
B24: Prepared and Submitted by: | E24: Noted by: | J24: Coordinating Office:
J25: C. Carp:
J26: Ornamental Fish:
B27: GAYMELO Y. LOPEZ | E27: MARIO N. RUINATA, Ph. D. | J27: Catfish:
B28: AQUA II/OIC- Center Chief | E28: Assistant Under The Office Of The Regional Director | J28: Freshwater Prawn:
J29: Total area (sq.m)
J30: Freshwater:
J31: Brackishwater:

Sheet May 2020
A1: FORMAT LIST OF ACTUAL BENEFICIARIES
C2: May 2020
J3: Total No. Of Beneficiaries:
J4: Male:
J5: Female:
A6: a. Individuals | J6: Others:(S.C./PWD)
F7: Types of Goods/Services Received | J7: DATE OF IMPLEMENTATION
A8: NAME OF BENEFICIARIES | C8: GENDER | D8: BARANGAY | E8: MUNICIPALITY | F8: Contact No./Email | H8: QUANTITY | I8: COST('000)
F9: Address(if any) | G9: Type/Species | H9: RECEIVED | J9: TYPE | K9: SATISFIED/
H10: (Unit/kg/pcs.) | K10: NOT SATISFIED
A11: DATE
A12: 4 | B12: Rey Indiana | C12: Male | D12: Buenos Aires | E12: Tubigon | G12: Excel | H12: 3000 | I12: 600 | J12: pond | K12: satisfied | M12: 600
A13: 4 | B13: Glenn Estrosas | C13: Male | D13: Bunacan | E13: Tubigon | G13: Excel | H13: 300 | I13: 60 | J13: pond | K13: satisfied | M13: 60
A14: 4 | B14: Daryl Añabieza | C14: Male | D14: Liloan Norte | E14: Inabanga | G14: Koi Carp | H14: 10 | I14: 100 | J14: pond | K14: satisfied
A15: 4 | B15: Jam Alfie Lagrimas | C15: Male | D15: Tinibgan | E15: Calape | G15: Excel | H15: 200 | I15: 40 | J15: pond | K15: satisfied | M15: 40
A16: 4 | B16: Jam Alfie Lagrimas | C16: Male | D16: Tinibgan | E16: Calape | G16: Koi Carp | H16: 5 | I16: 50 | J16: pond | K16: satisfied
A17: 4 | B17: Mark Pihongo | C17: Male | D17: Ilijan Sur | E17: Tubigon | G17: Excel | H17: 250 | I17: 50 | J17: pond | K17: satisfied | M17: 50
A18: 4 | B18: Elden Betalmos | C18: Male | D18: Riverside | E18: Inabanga | G18: Excel | H18: 500 | I18: 100 | J18: pond | K18: satisfied | M18: 100
A19: 4 | B19: Nonie Milagrosa | C19: Male | D19: Alegria | E19: Carmen | G19: Excel | H19: 300 | I19: 60 | J19: pond | K19: satisfied | M19: 50
A20: 4 | B20: Gregory Paul Batausa | C20: Male | D20: Cabulijan | E20: Tubigon | G20: Excel | H20: 250 | I20: 50 | J20: pond | K20: satisfied | M20: 50
A21: 4 | B21: Aga Niño Franco | C21: Male | D21: Cantuyok | E21: Clarin | G21: Koi Carp | H21: 10 | I21: 100 | J21: pond | K21: satisfied
A22: 4 | B22: John Mark Tapales | C22: Male | D22: Nahawan | E22: Clarin | G22: Excel | H22: 750 | I22: 150 | J22: pond | K22: satisfied | M22: 150
A23: 4 | B23: Avito Cano | C23: Male | D23: Pinayagan | E23: Tubigon | G23: Koi Carp | H23: 10 | I23: 100 | J23: pond | K23: satisfied
A24: 4 | B24: Junil Tronoyba | C24: Male | D24: Nahawan | E24: Clarin | G24: Excel | H24: 1000 | I24: 200 | J24: pond | K24: satisfied | M24: 200
A25: 4 | B25: Ailyn Lapoja | C25: Female | D25: Canmaya | E25: Sagbayan | G25: Excel | H25: 400 | I25: dispersed | J25: pond | K25: satisfied | M25: 150
A26: 4 | B26: Jun Buaya | C26: Male | D26: Pob. Sur | E26: Carmen | G26: Excel | H26: 6000 | I26: 1200 | J26: pond | K26: satisfied | M26: 1200
A27: 4 | B27: Mario Maglajos | C27: Male | D27: Poblacion | E27: Catigbian | G27: Excel | H27: 300 | I27: 60 | J27: pond | K27: satisfied | M27: 60
A28: 4 | B28: Ma. Cristina Casia | C28: Female | E28: Carmen | G28: Koi Carp | H28: 175 | I28: 875 | J28: pond | K28: satisfied
A29: 4 | B29: Dominador Camencia | C29: Male | D29: Villarcayo | E29: Carmen | G29: Excel | H29: 500 | I29: dispersed | J29: pond | K29: satisfied | M29: 100
A30: 4 | B30: Dominador Camencia | C30: Male | D30: Villarcayo | E30: Carmen | G30: Excel | H30: 1500 | I30: 300 | J30: pond | K30: satisfied
A31: 4 | B31: Dominador Camencia | C31: Male | D31: Villarcayo | E31: Carmen | G31: Koi Carp | H31: 70 | I31: 350 | J31: pond | K31: satisfied
A32: 4 | B32: Loloy Espinal | C32: Male | D32: La Libertad | E32: Carmen | G32: Excel | H32: 1000 | I32: 200 | J32: pond | K32: satisfied | M32: 200
A33: 4 | B33: Bernabe De Guzman | C33: Female | D33: Del Carmen | E33: Balilihan | G33: Excel | H33: 2000 | I33: 400 | J33: pond | K33: satisfied | M33: 1600
A34: 4 | B34: Daniel Degamo | C34: Male | D34: Tontonan | E34: Clarin | G34: Excel | H34: 1500 | I34: 300 | J34: pond | K34: satisfied | M34: 300
A35: 4 | B35: Roy Balaba | C35: Male | D35: Can Oling | E35: Dagohoy | G35: Excel | H35: 250 | I35: 50 | J35: pond | K35: satisfied | M35: 150
A36: 4 | B36: Martin Comamao | C36: Male | D36: Ubujan | E36: Sagbayan | G36: Excel | H36: 3000 | I36: 600 | J36: pond | K36: satisfied | M36: 600
A37: 4 | B37: Pedro Itallo | C37: Male | D37: Bunacan | E37: Tubigon | G37: Excel | H37: 2300 | I37: 460 | J37: pond | K37: satisfied | M37: 300
A38: 4 | B38: Felipe Petalco | C38: Male | D38: Banahao | E38: Inabanga | G38: Excel | H38: 500 | I38: dispersed | J38: pond | K38: satisfied | M38: 100
A39: 4 | B39: Lucio Ones | C39: Male | D39: Bactol | E39: Balilihan | G39: Excel | H39: 1000 | I39: 200 | J39: pond | K39: satisfied | M39: 300
A40: 4 | B40: Ariel Lagare | C40: Male | D40: Omjon | E40: Valencia | G40: Excel | H40: 2500 | I40: 500 | J40: pond | K40: satisfied | M40: 300
A41: 4 | B41: Jhesfir Torrentira | C41: Male | D41: Calatrava | E41: Carmen | G41: Excel | H41: 2000 | I41: 400 | J41: pond | K41: satisfied | M41: 250
A42: 4 | B42: Reymond Omaña | C42: Male | D42: Buacao | E42: Clarin | G42: Excel | H42: 2500 | I42: 500 | J42: pond | K42: satisfied | M42: 500
A43: 4 | B43: Allan Sentorias | C43: Male | D43: Cagawasan | E43: Dagohoy | G43: Excel | H43: 5000 | I43: 1000 | J43: pond | K43: satisfied | M43: 1000
A44: 4 | B44: Juanita Amparado | C44: Female | D44: Villaflor | E44: Carmen | G44: Excel | H44: 100 | I44: 20 | J44: pond | K44: satisfied | M44: 20
A45: 4 | B45: Rufino Boco | C45: Male | D45: Nueva Fuerza | E45: Carmen | G45: Excel | H45: 6000 | I45: 1200 | J45: pond | K45: satisfied | M45: 1000
A46: 4 | B46: Paulito Budiongan | C46: Male | D46: Pob. Sur | E46: Carmen | G46: Excel | H46: 1000 | I46: 200 | J46: pond | K46: satisfied | M46: 250
A47: 5 | B47: Arniel Tabor | C47: Male | D47: Poblacion | E47: Catigbian | G47: Excel | H47: 2000 | I47: 400 | J47: pond | K47: satisfied | M47: 400
A48: 5 | B48: Christian Paul Baton | C48: Male | D48: Cabog | E48: Clarin | G48: Excel | H48: 1000 | I48: 200 | J48: pond | K48: satisfied | M48: 200
A49: 5 | B49: Avito Cano | C49: Male | D49: Pinayagan | E49: Tubigon | G49: Koi Carp | H49: 5 | I49: 50 | J49: pond | K49: satisfied
A50: 5 | B50: Rolando Lara | C50: Male | D50: Montesuerte | E50: Carmen | G50: Excel | H50: 500 | I50: 100 | J50: pond | K50: satisfied | M50: 150
A51: 5 | B51: Leonardo Lagaran | C51: Male | D51: Bicao | E51: Carmen | G51: Excel | H51: 500 | I51: dispersed | J51: pond | K51: satisfied | M51: 100
A52: 5 | B52: Albert Lacea | C52: Male | D52: Hagbuaya | E52: Catigbian | G52: Excel | H52: 500 | I52: 100 | J52: pond | K52: satisfied | M52: 100
A53: 5 | B53: Joseph Esmalin | C53: Male | D53: Nueva Fuerza | E53: Carmen | G53: Excel | H53: 3000 | I53: 600 | J53: pond | K53: satisfied | M53: 3000
A54: 5 | B54: Mary Magdalen Calipes | C54: Female | D54: Montesuerte | E54: Carmen | G54: Excel | H54: 3000 | I54: 600 | J54: pond | K54: satisfied | M54: 600
A55: 5 | B55: Primitiva Tayag | C55: Female | D55: Ubujan | E55: Sagbayan | G55: Excel | H55: 100 | I55: 20 | J55: pond | K55: satisfied
A56: 5 | B56: Diosdado Balagolan | C56: Male | D56: Pob. Vieja | E56: Batuan | G56: Excel | H56: 2000 | I56: 400 | J56: pond | K56: satisfied | M56: 400
A57: 5 | B57: Gaudencio Maritan | C57: Male | D57: Nueva Vida | E57: Carmen | G57: Excel | H57: 500 | I57: dispersed | J57: pond | K57: satisfied | M57: 250
A58: 5 | B58: Gaudencio Maritan | C58: Male | D58: Nueva Vida | E58: Carmen | G58: Excel | H58: 1000 | I58: 200 | J58: pond | K58: satisfied
A59: 5 | B59: Leonides Maritan | C59: Male | D59: Nueva Vida | E59: Carmen | G59: Excel | H59: 500 | I59: dispersed | J59: pond | K59: satisfied | M59: 50
A60: 5 | B60: Leonides Maritan | C60: Male | D60: Nueva Vida | E60: Carmen | G60: Excel | H60: 1000 | I60: 200 | J60: pond | K60: satisfied | O60: May 4-5, 2020
A61: 5 | B61: Petronio Dali-on | C61: Male | D61: Nueva Vida | E61: Carmen | G61: Excel | H61: 500 | I61: dispersed | J61: pond | K61: satisfied | M61: 400 | O61: TILAPIA
A62: 5 | B62: Petronio Dali-on | C62: Male | D62: Nueva Vida | E62: Carmen | G62: Excel | H62: 1500 | I62: 300 | J62: pond | K62: satisfied | O62: Sold | P62: 64800
A63: 5 | B63: Ian Philip Magbanua | C63: Male | D63: Calatrava | E63: Carmen | G63: Excel | H63: 2000 | I63: 400 | J63: pond | K63: satisfied | M63: 300 | O63: Dispersed | P63: 3400
A64: 5 | B64: Francisco Balayan | C64: Male | D64: Poblacion | E64: Catigbian | G64: Excel | H64: 1700 | I64: 340 | J64: pond | K64: satisfied | M64: 340 | O64: TOTAL | P64: 68200
A65: 5 | B65: Retchie John Botoy | C65: Male | D65: Buangan | E65: Clarin | G65: Excel | H65: 500 | I65: 100 | J65: pond | K65: satisfied | M65: 100 | O65: ORNAMENTAL
A66: 5 | B66: Nelson Cordilla | C66: Male | D66: Sagbayan | E66: Sagbayan | G66: Excel | H66: 500 | I66: 100 | J66: pond | K66: satisfied | M66: 100 | O66: Koi | P66: 285
A67: 6 | B67: Bernardo Enoc | C67: Male | D67: Alegria | E67: Carmen | G67: Excel | H67: 500 | I67: dispersed | J67: pond | K67: satisfied | M67: 36
A68: 6 | B68: Lino Tuasac | C68: Male | D68: Baang | E68: Catigbian | G68: Excel | H68: 3600 | I68: 720 | J68: pond | K68: satisfied | M68: 600
A69: 6 | B69: Jaime Barace | C69: Male | D69: Villafuerte | E69: Carmen | G69: Excel | H69: 3500 | I69: 700 | J69: pond | K69: satisfied | M69: 600
A70: 6 | B70: Ian Calimutan | C70: Male | D70: Patrocinio | E70: Cortes | G70: Excel | H70: 1000 | I70: 200 | J70: pond | K70: satisfied | M70: 150
A71: 6 | B71: Noel Genabia | C71: Male | D71: Bosongon | E71: Tubigon | G71: Excel | H71: 600 | I71: 120 | J71: pond | K71: satisfied | M71: 75
A72: 6 | B72: Francisco Valentos | C72: Male | D72: Buacao | E72: Clarin | G72: Excel | H72: 6000 | I72: 1200 | J72: pond | K72: satisfied | M72: 1200
A73: 6 | B73: Ronelo Boco | C73: Male | D73: Nueva Fuerza | E73: Carmen | G73: Excel | H73: 500 | I73: dispersed | J73: pond | K73: satisfied | M73: 150
A74: 6 | B74: Ronelo Boco | C74: Male | D74: Nueva Fuerza | E74: Carmen | G74: Excel | H74: 1000 | I74: 200 | J74: pond | K74: satisfied
A75: 6 | B75: Felipe Israel | C75: Male | D75: Cabog | E75: Clarin | G75: Excel | H75: 500 | I75: 100 | J75: pond | K75: satisfied | M75: 100
A76: 6 | B76: Orland Anub | C76: Male | D76: Tamblot | E76: Tagbilaran | G76: Excel | H76: 500 | I76: 100 | J76: pond | K76: satisfied | M76: 100
A77: 6 | B77: Teodoro Adaya | C77: Male | D77: La Libertad | E77: Carmen | G77: Excel | H77: 500 | I77: dispersed | J77: pond | K77: satisfied | M77: 48
A78: 6 | B78: Edwin Sentillas | C78: Male | D78: Putting Bato | E78: Buenavista | G78: Excel | H78: 1000 | I78: 200 | J78: pond | K78: satisfied | M78: 200
A79: 7 | B79: Zenaida Dalagan | C79: Female | D79: Zamora | E79: Pilar | G79: Excel | H79: 10000 | I79: 2000 | J79: pond | K79: satisfied | M79: 2000
A80: 7 | B80: Reymond Omaña | C80: Male | D80: Buacao | E80: Clarin | G80: Excel | H80: 1000 | I80: 200 | J80: pond | K80: satisfied | M80: 300
A81: 7 | B81: Luisa Karkkainen | C81: Female | D81: Maribilis | E81: Dauis | G81: Excel | H81: 500 | I81: 100 | J81: pond | K81: satisfied | M81: 100
A82: 7 | B82: Luisa Karkkainen | C82: Female | D82: Maribilis | E82: Dauis | G82: Koi Carp | H82: 20 | I82: 100 | J82: pond | K82: satisfied
A83: 7 | B83: Mc Leodel Tolon | C83: Male | D83: Sagasa | E83: Balilihan | G83: Excel | H83: 700 | I83: 140 | J83: pond | K83: satisfied | M83: 150
A84: 7 | B84: Mc Leodel Tolon | C84: Male | D84: Sagasa | E84: Balilihan | G84: Koi Carp | H84: 20 | I84: 200 | J84: pond | K84: satisfied
A85: 8 | B85: Joselito Ambaic | C85: Male | D85: Danahao | E85: Clarin | G85: Excel | H85: 2000 | I85: 400 | J85: pond | K85: satisfied | M85: 600
A86: 8 | B86: Gegino Butron | C86: Male | D86: Pamaksalan | E86: Pilar | G86: Excel | H86: 2000 | I86: 400 | J86: pond | K86: satisfied | M86: 400
A87: 8 | B87: Gegino Butron | C87: Male | D87: Pamaksalan | E87: Pilar | G87: Koi Carp | H87: 50 | I87: 250 | J87: pond | K87: satisfied
A88: 8 | B88: Romualdo Degamon | C88: Male | D88: Quezon | E88: Batuan | G88: Excel | H88: 3000 | I88: 600 | J88: pond | K88: satisfied | M88: 700
A89: 8 | B89: Ruel Torreon | C89: Male | D89: Bato | E89: Buenavista | G89: Excel | H89: 100 | I89: 40 | J89: pond | K89: satisfied | M89: 40
A90: 8 | B90: Eustiquio Batulanon | C90: Male | D90: Baang | E90: Catigbian | G90: Excel | H90: 2000 | I90: 400 | J90: pond | K90: satisfied | M90: 300
A91: 8 | B91: Eustiquio Batulanon | C91: Male | D91: Baang | E91: Catigbian | G91: Koi Carp | H91: 10 | I91: 100 | J91: pond | K91: satisfied
A92: 8 | B92: Edwin Yabo | C92: Male | D92: Liboron | E92: Catigbian | G92: Excel | H92: 600 | I92: 120 | J92: pond | K92: satisfied | M92: 150
A93: 8 | B93: Mario Almirante | C93: Male | D93: Nahod | E93: Danao | G93: Excel | H93: 400 | I93: 80 | J93: pond | K93: satisfied | M93: 100 | O93: May 6-8, 2020
A94: 8 | B94: Marl Ortiz | C94: Male | D94: Poblacion | E94: Sevilla | G94: Excel | H94: 3100 | I94: 620 | J94: pond | K94: satisfied | M94: 600 | O94: TILAPIA
A95: 8 | B95: Ronan Lumapat | C95: Male | D95: Cabog | E95: Clarin | G95: Excel | H95: 500 | I95: dispersed | J95: pond | K95: satisfied | M95: 500 | O95: Sold | P95: 49100
A96: 8 | B96: Ronan Lumapat | C96: Male | D96: Cabog | E96: Clarin | G96: Excel | H96: 2500 | I96: 500 | J96: pond | K96: satisfied | O96: Dispersed | P96: 8760
A97: 8 | B97: Emilio Lanoy | C97: Male | D97: Danahaw | E97: Clarin | G97: Excel | H97: 3500 | I97: 700 | J97: pond | K97: satisfied | M97: 1200 | O97: TOTAL | P97: =P95+P96 -> 57860
A98: 8 | B98: Emilio Lanoy | C98: Male | D98: Danahaw | E98: Clarin | G98: Koi Carp | H98: 10 | I98: 100 | J98: pond | K98: satisfied | O98: ORNAMENTAL
A99: 9 | B99: Cheriel Amper | C99: Female | D99: Sagbayan Sur | E99: Sagbayan | G99: Excel | H99: 1000 | I99: 200 | J99: pond | K99: satisfied | M99: 200 | O99: Koi | P99: 110
A100: 9 | B100: Mary grace Aguilar | C100: Female | D100: Haguilaran | E100: Catigbian | G100: Excel | H100: 700 | I100: 140 | J100: pond | K100: satisfied | M100: 100
...

Sheet May (Group)
A1: FORMAT LIST OF ACTUAL BENEFICIARIES
C2: May, 2020
K3: Total No. Of Beneficiaries:
K4: Male:
K5: Female:
A6: a. Groups | K6: Others:(S.C./PWD)
C7: NUMBER | F7: Contact | G7: Name of | H7: Types of Goods/Services Received | K7: DATE OF IMPLEMENTATION
A8: NAME OF LGU/ASSOCIATION | C8: OF | D8: BARANGAY | E8: MUNICIPALITY | F8: No./Email | G8: Representatives | I8: QUANTITY | J8: COST('000)
C9: MEMBERS | F9: Address (if | G9: who received | H9: Type/Species | I9: RECEIVED | K9: TYPE | L9: SATISFIED/
F10: any) | I10: (Unit/kg/pcs. | L10: NOT SATISFIED
A11: DATE
A12: 7 | B12: Manga National High School | D12: Manga | E12: Tagbilaran | G12: Pablita Cabarles | H12: Excel | I12: 260 | J12: dispersed | K12: pond | L12: satisfied | M12: 12
A13: 7 | B13: LGU Tubigon | E13: Tubigon | G13: Victor Boligao | H13: Excel | I13: 6500 | J13: dispersed | M13: =6500/5 -> 1300
A14: 18 | B14: LGU Buenavista | E14: Buenavista | G14: Lino Divinagracia | H14: Excel | I14: 3000 | J14: dispersed | K14: pond | L14: satisfied | M14: =3000/5 -> 600
A15: 18 | B15: LGU Buenavista | E15: Buenavista | G15: Lino Divinagracia | H15: Koicarp | I15: 9 | J15: dispersed
A16: 28 | B16: LGU Bilar | D16: Dagohoy | E16: Bilar | G16: Rosendo Bantugan | H16: Common carp | I16: 4000 | J16: dispersed | K16: river | L16: satisfied
A17: 28 | B17: LGU Sevilla | D17: Ewon | E17: Sevilla | G17: Crispin Lumantas | H17: Common carp | I17: 10000 | J17: dispersed | K17: lake | L17: satisfied
J22: SUMMARY:
J23: Direct Client:
B24: Prepared and Submitted by: | E24: Noted by: | J24: Coordinating Office:
J25: C. Carp:
J26: Ornamental Fish:
B27: GAYMELO Y. LOPEZ | E27: MARIO N. RUINATA, Ph. D. | J27: Catfish:
B28: AQUA II/OIC- Center Chief | E28: Research, Development & Extension Coordinating Office | J28: Freshwater Prawn:
J29: Total area (sq.m)
J30: Freshwater:
J31: Brackishwater:

Sheet June 2020
A1: FORMAT LIST OF ACTUAL BENEFICIARIES
C2: June 2020
J3: Total No. Of Beneficiaries:
J4: Male:
J5: Female:
A6: a. Individuals | J6: Others:(S.C./PWD)
F7: Types of Goods/Services Received | J7: DATE OF IMPLEMENTATION
A8: NAME OF BENEFICIARIES | C8: GENDER | D8: BARANGAY | E8: MUNICIPALITY | F8: Contact No./Email | H8: QUANTITY | I8: COST('000)
F9: Address(if any) | G9: Type/Species | H9: RECEIVED | J9: TYPE | K9: SATISFIED/
H10: (Unit/kg/pcs.) | K10: NOT SATISFIED
A11: DATE
A12: 4 | B12: Mario Lozada | C12: Male | D12: San Miguel | E12: Dagohoy | G12: C. carp | H12: 500 | I12: 300 | J12: pond | K12: satisfied
A13: 4 | B13: Sherwin Balaba | C13: Male | D13: Poblacion | E13: Carmen | G13: C. carp | H13: 800 | I13: 480 | J13: pond | K13: satisfied
A14: 4 | B14: Domeciano Valentos | C14: Male | D14: Tambo-an | E14: Carmen | G14: Excel | H14: 1500 | I14: 300 | J14: pond | K14: satisfied | M14: 300
A15: 4 | B15: Manuel Valentos | C15: Male | D15: Tambo-an | E15: Carmen | G15: Excel | H15: 3000 | I15: 600 | J15: pond | K15: satisfied | M15: 600
A16: 4 | B16: Ramil Sumagaysay | C16: Male | D16: Cagawasan | E16: Inabanga | G16: Excel | H16: 1000 | I16: 200 | J16: pond | K16: satisfied | M16: 800
A17: 4 | B17: Ramil Sumagaysay | C17: Male | D17: Cagawasan | E17: Inabanga | G17: Excel | H17: 500 | I17: dispersal | J17: pond | K17: satisfied
A18: 4 | B18: Virginia Descallar | C18: Female | D18: San Carlos | E18: Pilar | G18: Excel | H18: 500 | I18: dispersal | J18: pond | K18: satisfied | M18: 900
A19: 4 | B19: Virginia Descallar | C19: Female | D19: San Carlos | E19: Pilar | G19: Excel | H19: 3500 | I19: 700 | J19: pond | K19: satisfied
A20: 4 | B20: Virginia Descallar | C20: Female | D20: San Carlos | E20: Pilar | G20: Ulang | H20: 150 | I20: 150 | J20: pond | K20: satisfied
A21: 4 | B21: Ariel Aplacador | C21: Male | D21: Ilijan Sur | E21: Tubigon | G21: Excel | H21: 1200 | I21: 240 | J21: pond | K21: satisfied | M21: 240
A22: 4 | B22: Jaime Regala | C22: Male | D22: Villaflor | E22: Carmen | G22: Excel | H22: 4000 | I22: 800 | J22: pond | K22: satisfied | M22: 800
A23: 4 | B23: Ramon Gulayan | C23: Male | D23: Buacao | E23: Clarin | G23: Excel | H23: 1000 | I23: 200 | J23: pond | K23: satisfied | M23: 300
A24: 4 | B24: Antonio Peracho | C24: Male | D24: San Vicente | E24: Pilar | G24: Excel | H24: 500 | I24: dispersal | J24: pond | K24: satisfied | M24: 266
A25: 4 | B25: Antonio Peracho | C25: Male | D25: San Vicente | E25: Pilar | G25: C. carp | H25: 200 | I25: 120 | J25: pond | K25: satisfied
A26: 4 | B26: Samuel Cabangbang | C26: Male | D26: Libertad | E26: Tubigon | G26: C. carp | H26: 200 | I26: 120 | J26: pond | K26: satisfied
A27: 4 | B27: Linly Sarmiento | C27: Male | D27: Buenos Aires | E27: Tubigon | G27: Excel | H27: 1000 | I27: 200 | J27: pond | K27: satisfied | M27: 200
A28: 4 | B28: Juanita Amparado | C28: Female | D28: Villaflor | E28: Clarin | G28: Excel | H28: 16000 | I28: 4800 | J28: pond | K28: satisfied | M28: 3500
A29: 4 | B29: Gelardo Jumandos | C29: Male | D29: Nueva Fuerza | E29: Carmen | G29: Excel | H29: 900 | I29: 180 | J29: pond | K29: satisfied | M29: 200
A30: 4 | B30: Ja-ker Baug-bog | C30: Male | D30: Montesuerte | E30: Carmen | G30: Excel | H30: 1000 | I30: 200 | J30: pond | K30: satisfied | M30: 300
A31: 4 | B31: Anthony Alimpolos | C31: Male | D31: Lapaz | E31: Carmen | G31: Excel | H31: 1000 | I31: 200 | J31: pond | K31: satisfied | M31: 300
A32: 5 | B32: Raulito Ucay | C32: Male | D32: Patrocinio | E32: Cortes | G32: Excel | H32: 500 | I32: 100 | J32: pond | K32: satisfied | M32: 50
A33: 5 | B33: Raulito Ucay | C33: Male | D33: Patrocinio | E33: Cortes | G33: C. carp | H33: 100 | I33: 60 | J33: pond | K33: satisfied
A34: 5 | B34: Roberto Cañete | C34: Male | D34: Dagnawan | E34: Inabanga | G34: Excel | H34: 500 | I34: 100 | J34: pond | K34: satisfied | M34: 100
A35: 5 | B35: Arnel Pasilan Jr. | C35: Male | D35: Dagnawan | E35: Inabanga | G35: Excel | H35: 1000 | I35: 200 | J35: pond | K35: satisfied | M35: 300
A36: 5 | B36: Jonathan Avelino | C36: Male | D36: San Carlos | E36: Danao | G36: Excel | H36: 1000 | I36: 200 | J36: pond | K36: satisfied | M36: 300
A37: 5 | B37: Jonathan Avelino | C37: Male | D37: San Carlos | E37: Danao | G37: C. carp | H37: 100 | I37: 60 | J37: pond | K37: satisfied
A38: 5 | B38: Jerry Cole | C38: Male | D38: Buenauerte | E38: Pilar | G38: Excel | H38: 1000 | I38: 200 | J38: pond | K38: satisfied | M38: 200
A39: 5 | B39: Luis Requirme | C39: Male | D39: Ilijan | E39: Inabanga | G39: Excel | H39: 700 | I39: 140 | J39: pond | K39: satisfied | M39: 200
A40: 5 | B40: Romeo Gandulfos | C40: Male | D40: Danahao | E40: Clarin | G40: Excel | H40: 600 | I40: 120 | J40: pond | K40: satisfied | M40: 100
A41: 5 | B41: Elmar Igcalinos | C41: Male | D41: La Libertad | E41: Carmen | G41: Excel | H41: 600 | I41: 120 | J41: pond | K41: satisfied | M41: 100
A42: 5 | B42: Gina Wahing | C42: Female | D42: Tubod | E42: Clarin | G42: Excel | H42: 500 | I42: 150 | J42: pond | K42: satisfied | M42: 200
A43: 5 | B43: Ramon Gulayan | C43: Male | D43: Buacao | E43: Clarin | G43: Excel | H43: 1000 | I43: 200 | J43: pond | K43: satisfied | M43: 300
A44: 5 | B44: Nerissa Lapasaran | C44: Female | D44: Libertad Sur | E44: Sagbayan | G44: Excel | H44: 1000 | I44: 200 | J44: pond | K44: satisfied | M44: 300
A45: 5 | B45: Lourdes Gella | C45: Female | D45: Montevideo | E45: Carmen | G45: Excel | H45: 500 | I45: dispersal | J45: pond | K45: satisfied | M45: 50
A46: 5 | B46: Paulino Malig-on | C46: Male | D46: Katipunan | E46: Carmen | G46: Excel | H46: 1000 | I46: 200 | J46: pond | K46: satisfied | M46: 250
A47: 5 | B47: Paulino Malig-on | C47: Male | D47: Katipunan | E47: Carmen | G47: C. carp | H47: 100 | I47: 60 | J47: pond | K47: satisfied
A48: 5 | B48: Jaylyn Rizaldo | C48: Male | D48: Nueva Fuerza | E48: Carmen | G48: Excel | H48: 200 | I48: 80 | J48: pond | K48: satisfied | M48: 36
A49: 5 | B49: Ronnel Rizaldo | C49: Male | D49: Nueva Fuerza | E49: Carmen | G49: Excel | H49: 100 | I49: 20 | J49: pond | K49: satisfied | M49: 20
A50: 5 | B50: Julius Alcantara | C50: Male | D50: Bogtongbod | E50: Clarin | G50: Excel | H50: 100 | I50: 20 | J50: pond | K50: satisfied | M50: 25
A51: 5 | B51: Rosendo Vales | C51: Male | D51: San Jose | E51: Sierra Bullones | G51: Excel | H51: 600 | I51: 120 | J51: pond | K51: satisfied
A52: 5 | B52: Zaldy Marimon | C52: Male | D52: Napo | E52: Loon | G52: Excel | H52: 1000 | I52: 200 | J52: pond | K52: satisfied
A53: 5 | B53: Zaldy Marimon | C53: Male | D53: Napo | E53: Loon | G53: KoiCarp | H53: 150 | I53: 1500 | J53: pond | K53: satisfied
A54: 5 | B54: Edgar Lomochoso | C54: Male | D54: Cansague Sur | E54: San Isidro | G54: C. carp | H54: 100 | I54: 60 | J54: pond | K54: satisfied
A55: 5 | B55: Jovelyn Curay | C55: Female | D55: Bulilis | E55: Ubay | G55: Excel | H55: 3000 | I55: 600 | J55: pond | K55: satisfied | M55: 600
A56: 5 | B56: John Kenneth Huiso | C56: Male | D56: Poblacion | E56: Alicia | G56: C. carp | H56: 500 | I56: 300 | J56: pond | K56: satisfied
A57: 5 | B57: Diowi John Sarpamones | C57: Male | D57: Matabo | E57: Tubigon | G57: C. carp | H57: 200 | I57: 120 | J57: pond | K57: satisfied
A58: 5 | B58: Winston Fulguirinas | C58: Male | D58: Hayahay | E58: Sagbayan | G58: C. carp | H58: 100 | I58: 60 | J58: pond | K58: satisfied | P58: June 2-6, 2020
A59: 5 | B59: Veneranda Salinas | C59: Female | D59: San Miguel | E59: Dagohoy | G59: Excel | H59: 1000 | I59: dispersal | J59: pond | K59: satisfied | M59: 200 | P59: TILAPIA
A60: 6 | B60: Florencio Lague | C60: Male | D60: Katipunan | E60: Carmen | G60: Excel | H60: 500 | I60: 100 | J60: pond | K60: satisfied | M60: 100 | P60: Sold | Q60: 57650 | S60: =SUM(H14:H16,H19,H21:H23,H27:H32,H34:H36,H38:H44,H46,H48:H52,H55,H60,H62:H63,H65,H67:H69,H72:H73,H75) -> 57650
A61: 6 | B61: Mc Leodel Tolon | C61: Male | D61: Cambaylan | E61: Catigbian | G61: C. carp | H61: 500 | I61: 300 | J61: pond | K61: satisfied | P61: Dispersed | Q61: 9000 | R61: 6000 | S61: =SUM(H59,H45,H24,H17:H18) -> 3000 | T61: =SUM(R61:S61) -> 9000
A62: 6 | B62: Ronald Tedio | C62: Male | D62: Poblacion | E62: Catigbian | G62: Excel | H62: 900 | I62: 180 | J62: pond | K62: satisfied | M62: 200 | P62: TOTAL | Q62: 66650
A63: 6 | B63: Jimmy Olarita | C63: Male | D63: San Miguel | E63: Dagohoy | G63: Excel | H63: 1000 | I63: 200 | J63: pond | K63: satisfied | M63: 716 | P63: COMMON CARP
A64: 6 | B64: Jimmy Olarita | C64: Male | D64: San Miguel | E64: Dagohoy | G64: C. carp | H64: 2000 | I64: 1200 | J64: pond | K64: satisfied | P64: Sold | Q64: 5700 | S64: =SUM(H12:H13,H25:H26,H33,H37,H47,H54,H56:H58,H61,H64,H66,H74) -> 5700
A65: 6 | B65: Bernardo Enoc | C65: Male | D65: Alegria | E65: Carmen | G65: Excel | H65: 1000 | I65: 200 | J65: pond | K65: satisfied | M65: 320 | P65: Dispersed | Q65: 29500 | S65: 29500
A66: 6 | B66: Bernardo Enoc | C66: Male | D66: Alegria | E66: Carmen | G66: C. carp | H66: 200 | I66: 120 | J66: pond | K66: satisfied | P66: TOTAL | Q66: 35200 | S66: =SUM(S64:S65) -> 35200
A67: 6 | B67: Dick Torrefranca | C67: Male | D67: Poblacion | E67: Carmen | G67: Excel | H67: 100 | I67: 20 | J67: pond | K67: satisfied | M67: 20 | P67: ORNAMENTAL
A68: 6 | B68: Rogelio Cardenas | C68: Male | D68: Candumayao | E68: Catigbian | G68: Excel | H68: 150 | I68: 45 | J68: pond | K68: satisfied | M68: 24 | P68: Koi | Q68: 490 | S68: =SUM(H53,H70) -> 490
A69: 6 | B69: Ma. Marites Baratbate | C69: Female | D69: Poblacion | E69: Trinidad | G69: Excel | H69: 500 | I69: 150 | J69: pond | K69: satisfied | M69: 150 | P69: Swordtail | Q69: 123 | S69: =H71 -> 123
A70: 6 | B70: Cherry Ann Gualde | C70: Female | D70: La Libertad | E70: Carmen | G70: KoiCarp | H70: 340 | I70: 1700 | J70: pond | K70: satisfied | P70: TOTAL | Q70: 613 | S70: =SUM(S68:S69) -> 613
A71: 6 | B71: Cherry Ann Gualde | C71: Female | D71: La Libertad | E71: Carmen | G71: Swordtail | H71: 123 | I71: 369 | J71: pond | K71: satisfied | P71: ULANG
A72: 6 | B72: Brando Indiana | C72: Male | D72: Buenos Aires | E72: Tubigon | G72: Excel | H72: 2000 | I72: 400 | J72: pond | K72: satisfied | M72: 400 | P72: Sold | Q72: 150
A73: 6 | B73: Isagane Ramos | C73: Male | D73: Alegria | E73: Carmen | G73: Excel | H73: 1000 | I73: 200 | J73: pond | K73: satisfied | M73: 400 | P73: Dispersed | Q73: 0
A74: 6 | B74: Isagane Ramos | C74: Male | D74: Alegria | E74: Carmen | G74: C. carp | H74: 100 | I74: 60 | J74: pond | K74: satisfied | P74: TOTAL | Q74: 150
A75: 6 | B75: Marilou Vito | C75: Female | D75: Dagnawan | E75: Sagbayan | G75: Excel | H75: 1000 | I75: 200 | J75: pond | K75: satisfied | M75: 200
A76: 7 | B76: Kent Sarmiento | C76: Male | D76: La Paz | E76: Carmen | G76: Excel | H76: 500 | I76: 100 | J76: pond | K76: satisfied | M76: 100
A77: 7 | B77: Cherielyn Galia | C77: Female | D77: Buenos Aires | E77: Tubigon | G77: Excel | H77: 400 | I77: 80 | J77: pond | K77: satisfied | M77: 100
A78: 7 | B78: Bryan Chatto | C78: Male | D78: Maslog | E78: Balilihan | G78: Excel | H78: 650 | I78: 130 | J78: pond | K78: satisfied | M78: 80
A79: 7 | B79: Bryan Chatto | C79: Male | D79: Maslog | E79: Balilihan | G79: C. carp | H79: 100 | I79: 60 | J79: pond | K79: satisfied
A80: 7 | B80: Anthony Tambis | C80: Male | D80: Cabad | E80: Balilihan | G80: Excel | H80: 1000 | I80: 200 | J80: pond | K80: satisfied | M80: 300
A81: 7 | B81: Artemio Palma | C81: Male | D81: Mahayag | E81: San Miguel | G81: C. carp | H81: 400 | I81: 400 | J81: pond | K81: satisfied
A82: 7 | B82: Eutiquio Bayron | C82: Male | D82: Dusita | E82: Sierra Bullones | G82: Excel | H82: 500 | I82: dispersal | J82: pond | K82: satisfied | M82: 120
A83: 7 | B83: Eutiquio Bayron | C83: Male | D83: Dusita | E83: Sierra Bullones | G83: Excel | H83: 500 | I83: 100 | J83: pond | K83: satisfied
A84: 7 | B84: Arsenio Agustin | C84: Male | D84: Dusita | E84: Sierra Bullones | G84: Excel | H84: 500 | I84: dispersal | J84: pond | K84: satisfied | M84: 100
A85: 7 | B85: Arsenio Agustin | C85: Male | D85: Dusita | E85: Sierra Bullones | G85: Excel | H85: 500 | I85: 100 | J85: pond | K85: satisfied
A86: 7 | B86: Fe M. Vertudazo | C86: Female | D86: Dusita | E86: Sierra Bullones | G86: Excel | H86: 500 | I86: dispersal | J86: pond | K86: satisfied | M86: 100
A87: 7 | B87: Fe M. Vertudazo | C87: Female | D87: Dusita | E87: Sierra Bullones | G87: Excel | H87: 500 | I87: 100 | J87: pond | K87: satisfied
A88: 7 | B88: Alexander Logroño | C88: Male | D88: Baluarte | E88: Buenavista | G88: Excel | H88: 400 | I88: 80 | J88: pond | K88: satisfied | M88: 100
A89: 7 | B89: Jessie Butron | C89: Male | D89: Conception | E89: Sierra Bullones | G89: Excel | H89: 500 | I89: 100 | J89: pond | K89: satisfied | M89: 500
A90: 7 | B90: Jessie Butron | C90: Male | D90: Conception | E90: Sierra Bullones | G90: C. carp | H90: 500 | I90: 300 | J90: pond | K90: satisfied
A91: 7 | B91: Ma. Ana Dinoy | C91: Female | D91: San Jose | E91: Sagbayan | G91: Excel | H91: 500 | I91: 100 | J91: pond | K91: satisfied | M91: 300
A92: 7 | B92: Artanio Cubio | C92: Male | D92: Caluwasan | E92: Dagohoy | G92: Excel | H92: 1800 | I92: 360 | J92: pond | K92: satisfied | M92: 400
A93: 7 | B93: Artanio Cubio | C93: Male | D93: Caluwasan | E93: Dagohoy | G93: C. carp | H93: 500 | I93: 300 | J93: pond | K93: satisfied
A94: 8 | B94: Joseph Lodoria | C94: Male | D94: Lapacan Sur | E94: Inabanga | G94: Excel | H94: 2000 | I94: 400 | J94: pond | K94: satisfied | M94: 300
A95: 8 | B95: Dodo Vito | C95: Male | D95: Villaflor | E95: Clarin | G95: Excel | H95: 300 | I95: 60 | J95: pond | K95: satisfied | M95: 100
A96: 8 | B96: Francis Mejais | C96: Male | D96: Banahaw | E96: Inabanga | G96: Excel | H96: 200 | I96: 40 | J96: pond | K96: satisfied | M96: 50
A97: 8 | B97: Joel Rizon | C97: Male | D97: Pob. Sur | E97: Batuan | G97: Excel | H97: 1800 | I97: 360 | J97: pond | K97: satisfied | M97: 600
A98: 8 | B98: Jennifer Agad | C98: Female | D98: Lobgob | E98: Sevilla | G98: Excel | H98: 8000 | I98: 2400 | J98: pond | K98: satisfied
A99: 8 | B99: Roldan Amihan | C99: Male | D99: Cabog | E99: Clarin | G99: Excel | H99: 200 | I99: 40 | J99: pond | K99: satisfied | M99: 50
A100: 8 | B100: Madelene Pacot | C100: Female | D100: Bantolinao | E100: Antiquera | G100: Ulang | H100: 450 | I100: 450 | J100: pond | K100: satisfied | M100: 500
...

Sheet June (Group)
A1: FORMAT LIST OF ACTUAL BENEFICIARIES
C2: June, 2020
K3: Total No. Of Beneficiaries:
K4: Male:
K5: Female:
A6: a. Groups | K6: Others:(S.C./PWD)
C7: NUMBER | F7: Contact | G7: Name of | H7: Types of Goods/Services Received | K7: DATE OF IMPLEMENTATION
A8: NAME OF LGU/ASSOCIATION | C8: OF | D8: BARANGAY | E8: MUNICIPALITY | F8: No./Email | G8: Representatives | I8: QUANTITY | J8: COST('000)
C9: MEMBERS | F9: Address (if | G9: who received | H9: Type/Species | I9: RECEIVED | K9: TYPE | L9: SATISFIED/
F10: any) | I10: (Unit/kg/pcs. | L10: NOT SATISFIED
A11: DATE
A12: 2 | B12: LGU Ubay | D12: Bongbong | E12: Ubay | G12: Andres Apa-ap | H12: C. carp | I12: 8000 | J12: dispersal | K12: dam | L12: satisfied
A13: 2 | B13: LGU Sierra Bullones | D13: Matin-ao | E13: Sierra Bullones | G13: Medardo Digal | H13: C. carp | I13: 3000 | J13: dispersal | K13: lake | L13: satisfied
A14: 2 | B14: LGU Bilar | D14: Poblacion | E14: Bilar | G14: Renerio Tejada | H14: C. carp | I14: 3500 | J14: dispersal | L14: satisfied
A15: 2 | B15: LGU Bilar | D15: Poblacion | E15: Bilar | H15: Excel | I15: 1000 | J15: dispersal | L15: satisfied
A16: 3 | B16: Sto. Niño Water Impounding & Irrigators Assoc. | D16: Sto. Niño | E16: Talibon | G16: Meneo Auxtero | H16: Excel | I16: 5000 | J16: dispersal | K16: fish cage | L16: satisfied | M16: 1000
A17: 3 | B17: LGU Talibon | D17: Zamora | E17: Talibon | G17: Retchel Escartin | H17: C. carp | I17: 10000 | J17: dispersal | K17: dam | L17: satisfied
A18: 3 | B18: LGU Talibon | D18: San Roque | E18: Talibon | G18: Angelito Oroyan | H18: C. carp | I18: 5000 | J18: dispersal | K18: dam | L18: satisfied
A19: 23 | B19: LGU Guindulman | E19: Guindulman | G19: Jaime Aranay | H19: Excel | I19: 1400 | J19: dispersal | L19: satisfied
A20: 23 | B20: LGU Guindulman | E20: Guindulman | H20: Excel Breeders | I20: 200 | J20: dispersal | L20: satisfied
A21: 23 | B21: LGU Carmen | D21: Poblacion | E21: Carmen | G21: Arlene Cabusao | H21: Excel | I21: 10500 | J21: dispersal | L21: satisfied
A22: 23 | B22: LGU Carmen | D22: Poblacion | E22: Carmen | H22: C. carp | I22: 465 | J22: dispersal | L22: satisfied
A23: 24 | B23: LGU Tubigon | E23: Tubigon | G23: Victor Boligao | H23: Excel | I23: 31700 | J23: dispersal | L23: satisfied | M23: 8000
A24: 26 | B24: LGU Cortes | E24: Cortes | G24: Ma. Luz Alcala | H24: Excel | I24: 8000 | J24: dispersal | L24: satisfied
J33: SUMMARY:
J34: Direct Client:
B35: Prepared and Submitted by: | E35: Noted by: | J35: Coordinating Office:
J36: C. Carp:
J37: Ornamental Fish:
B38: GAYMELO Y. LOPEZ | E38: MARIO N. RUINATA, Ph. D. | J38: Catfish:
B39: AQUA II/OIC- Center Chief | E39: Research, Development & Extension Coordinating Office | J39: Freshwater Prawn:
J40: Total area (sq.m)
J41: Freshwater:
J42: Brackishwater:

Sheet July (Group)
A1: FORMAT LIST OF ACTUAL BENEFICIARIES
C2: July, 2020
K3: Total No. Of Beneficiaries:
K4: Male:
K5: Female:
A6: a. Groups | K6: Others:(S.C./PWD)
C7: NUMBER | F7: Contact | G7: Name of | H7: Types of Goods/Services Received | K7: DATE OF IMPLEMENTATION
A8: NAME OF LGU/ASSOCIATION | C8: OF | D8: BARANGAY | E8: MUNICIPALITY | F8: No./Email | G8: Representatives | I8: QUANTITY | J8: COST('000)
C9: MEMBERS | F9: Address (if | G9: who received | H9: Type/Species | I9: RECEIVED | K9: TYPE | L9: SATISFIED/
F10: any) | I10: (Unit/kg/pcs. | L10: NOT SATISFIED
A11: DATE
A12: 15 | B12: LGU Sikatuna | E12: Sikatuna | G12: Ireneo Gabato | H12: Excel | I12: 18280 | J12: dispersal | L12: satisfied
A13: 15 | B13: PFO Bohol | E13: Tagbilaran | G13: Victor Doblas | H13: Excel | I13: 6500 | J13: dispersal | L13: satisfied
A14: 21 | B14: LGU Clarin | E14: Clarin | G14: Emmanuel Gulayan | H14: Hito | I14: 190 | J14: dispersal | L14: satisfied
J17: SUMMARY:
J18: Direct Client:
B19: Prepared and Submitted by: | E19: Noted by: | J19: Coordinating Office: 24,780 pcs.
J20: C. Carp:
J21: Ornamental Fish:
B22: GAYMELO Y. LOPEZ | E22: MARIO N. RUINATA, Ph. D. | J22: Catfish: | K22: 190 pcs.
B23: AQUA II/OIC- Center Chief | E23: Research, Development & Extension Coordinating Office | J23: Freshwater Prawn:
J24: Total area (sq.m)
J25: Freshwater:
J26: Brackishwater:

Sheet July 2020
A1: FORMAT LIST OF ACTUAL BENEFICIARIES
C2: July 2020
J3: Total No. Of Beneficiaries:
J4: Male:
J5: Female:
A6: a. Individuals | J6: Others:(S.C./PWD)
F7: Types of Goods/Services Received | J7: DATE OF IMPLEMENTATION
A8: NAME OF BENEFICIARIES | C8: GENDER | D8: BARANGAY | E8: MUNICIPALITY | F8: Contact No./Email | H8: QUANTITY | I8: COST('000)
F9: Address(if any) | G9: Type/Species | H9: RECEIVED | J9: TYPE | K9: SATISFIED/
H10: (Unit/kg/pcs.) | K10: NOT SATISFIED
A11: DATE
A12: 1 | B12: Francisco Bernaldez | C12: Male | D12: Sudlon | E12: Alicia | G12: Excel | H12: 12000 | I12: 2400 | J12: pond | K12: satisfied | M12: 2500
A13: 1 | B13: Joseph Inojales | C13: Male | D13: Tubod | E13: Candijay | G13: Excel | H13: 17000 | I13: 3400 | J13: pond | K13: satisfied | M13: 1000
A14: 1 | B14: Lenny Badiang | C14: Female | D14: Buenavista | E14: Carmen | G14: Excel | H14: 2000 | I14: 400 | J14: pond | K14: satisfied | M14: 400
A15: 1 | B15: Norman Hinautan | C15: Male | D15: Bunacan | E15: Tubigon | G15: Excel | H15: 1200 | I15: 240 | J15: pond | K15: satisfied | M15: 200
A16: 1 | B16: Cleo Tante | C16: Female | D16: Buenos Aires | E16: Tubigon | G16: Excel | H16: 2000 | I16: 400 | J16: pond | K16: satisfied | M16: 150
A17: 1 | B17: Belenda Bautista | C17: Female | D17: Sta. Fe | E17: Danao | G17: Excel | H17: 4000 | I17: 800 | J17: pond | K17: satisfied | M17: 900
A18: 1 | B18: Teodomero Suello | C18: Male | D18: Pobalcion | E18: Danao | G18: Excel | H18: 4000 | I18: 800 | J18: pond | K18: satisfied | M18: 900
A19: 1 | B19: Rey Omac | C19: Male | D19: Pamacsalan | E19: Pilar | G19: Excel | H19: 2000 | I19: 400 | J19: pond | K19: satisfied | M19: 200
A20: 1 | B20: Teodoro Quilag | C20: Male | D20: Ambuan | E20: Catigbian | G20: Excel | H20: 1000 | I20: 200 | J20: pond | K20: satisfied | M20: 300
A21: 1 | B21: Medardo Aparece | C21: Male | D21: Villaflor | E21: Clarin | G21: Excel | H21: 2500 | I21: 500 | J21: pond | K21: satisfied | M21: 500
A22: 1 | B22: Jorge Salo | C22: Male | D22: Candajec | E22: Clarin | G22: Excel | H22: 1000 | I22: 200 | J22: pond | K22: satisfied | M22: 200
A23: 1 | B23: Victor Adlaon | C23: Male | D23: Nueva Vida | E23: Carmen | G23: Excel | H23: 1500 | I23: 300 | J23: pond | K23: satisfied | M23: 250
A24: 1 | B24: Victor Magallane | C24: Male | D24: La Salvacion | E24: Carmen | G24: Excel | H24: 100 | I24: dispersal | J24: pond | K24: satisfied | M24: 10
A25: 1 | B25: Jonas Edtirgio | C25: Male | D25: Lusong | E25: Buenavista | G25: Excel | H25: 500 | I25: dispersal | J25: pond | K25: satisfied | M25: 300
A26: 1 | B26: Jonas Edtirgio | C26: Male | D26: Lusong | E26: Buenavista | G26: Excel | H26: 1000 | I26: 200 | J26: pond | K26: satisfied
A27: 1 | B27: Ronel Meliza | C27: Male | D27: Ma. Rosario | E27: Inabanga | G27: Excel | H27: 1000 | I27: 200 | J27: pond | K27: satisfied | M27: 300
A28: 1 | B28: Marivic Amang | C28: Female | D28: Cabacnitan | E28: Batuan | G28: Excel | H28: 12000 | I28: 2400 | J28: pond | K28: satisfied | M28: 1600
A29: 1 | B29: Simplicio Maputol | C29: Male | D29: San Agustin | E29: Sagbayan | G29: Excel | H29: 1600 | I29: 320 | J29: pond | K29: satisfied | M29: 300
A30: 1 | B30: Celvan Decenilla | C30: Male | D30: Villa Aurora | E30: Antequera | G30: Excel | H30: 2000 | I30: 400 | J30: pond | K30: satisfied | M30: 900
A31: 1 | B31: Jeremy Remoroza | C31: Male | D31: Matin-ao | E31: Carmen | G31: Excel | H31: 2000 | I31: 400 | J31: pond | K31: satisfied | M31: 400
A32: 1 | B32: Jeremy Remoroza | C32: Male | D32: Matin-ao | E32: Carmen | G32: Ulang | H32: 20 | I32: 20 | J32: pond | K32: satisfied
A33: 1 | B33: Zito Dañe | C33: Male | D33: Campagao | E33: Bilar | G33: Excel | H33: 1500 | I33: 300 | J33: pond | K33: satisfied | M33: 400
A34: 1 | B34: Joel Soson | C34: Male | D34: Garcia | E34: Batuan | G34: Excel | H34: 4000 | I34: 800 | J34: pond | K34: satisfied | M34: 1000
A35: 1 | B35: Joel Soson | C35: Male | D35: Garcia | E35: Batuan | G35: Ulang | H35: 20 | I35: 20 | J35: pond | K35: satisfied
A36: 1 | B36: Anecito Fernandez | C36: Male | D36: Rozas | E36: Trinidad | G36: Excel | H36: 5500 | I36: 1100 | J36: pond | K36: satisfied | M36: 1200
A37: 1 | B37: Fernando Perejan | C37: Male | D37: Nueva Montana | E37: Buenavista | G37: Excel | H37: 5000 | I37: 1000 | J37: pond | K37: satisfied | M37: 1000
A38: 1 | B38: Danilo Suello | C38: Male | D38: Poblacion | E38: Danao | G38: Excel | H38: 2000 | I38: 400 | J38: pond | K38: satisfied | M38: 600
A39: 1 | B39: Janin Lumagbas | C39: Male | D39: Matin-ao | E39: Carmen | G39: Excel | H39: 100 | I39: dispersal | J39: pond | K39: satisfied | M39: 10
A40: 2 | B40: Jevelyn Torrentira | C40: Female | D40: Calatrava | E40: Carmen | G40: Excel | H40: 500 | I40: 100 | J40: pond | K40: satisfied | M40: 150
A41: 2 | B41: Emilio Jamil | C41: Male | D41: Aloja | E41: Batuan | G41: Excel | H41: 2000 | I41: 400 | J41: pond | K41: satisfied | M41: 30
A42: 2 | B42: Charline Suarez | C42: Female | D42: Sta. Fe | E42: Danao | G42: Excel | H42: 1000 | I42: 200 | J42: pond | K42: satisfied | M42: 400
A43: 2 | B43: Cirilo Ampasin | C43: Male | D43: La Libertad | E43: Carmen | G43: Excel | H43: 700 | I43: 140 | J43: pond | K43: satisfied | M43: 120
A44: 2 | B44: Dodo Seguera | C44: Male | D44: Alegria | E44: Carmen | G44: Excel | H44: 1200 | I44: 240 | J44: pond | K44: satisfied | M44: 250
A45: 2 | B45: Jefferson Enad | C45: Male | D45: Caluwasan | E45: Clarin | G45: Excel | H45: 200 | I45: 40 | J45: pond | K45: satisfied | M45: 50
A46: 2 | B46: Jerson Pamulagan | C46: Male | D46: Villaflor | E46: Clarin | G46: Excel | H46: 500 | I46: 100 | J46: pond | K46: satisfied | M46: 100
A47: 2 | B47: Gregorio Arpon | C47: Male | D47: Dagnawan | E47: Sagbayan | G47: Excel | H47: 1000 | I47: 200 | J47: pond | K47: satisfied | M47: 300
A48: 2 | B48: Arbel Acorda | C48: Male | D48: Pob. Sur | E48: Batuan | G48: Excel | H48: 1000 | I48: 200 | J48: pond | K48: satisfied | M48: 250
A49: 2 | B49: Arbel Acorda | C49: Male | D49: Pob. Sur | E49: Batuan | G49: Ulang | H49: 1000 | I49: 1000 | J49: pond | K49: satisfied
A50: 2 | B50: Juanito Leparto | C50: Male | D50: Hagbuaya | E50: Catigbian | G50: Excel | H50: 600 | I50: 120 | J50: pond | K50: satisfied | M50: 150
A51: 2 | B51: Joey Ledesma | C51: Male | D51: Looc Pangangan | E51: Calape | G51: Excel | H51: 100 | I51: 20 | J51: pond | K51: satisfied | M51: 20
A52: 2 | B52: Nhilboy Gumapac | C52: Male | D52: Sta. Fe | E52: Danao | G52: Excel | H52: 500 | I52: 100 | J52: pond | K52: satisfied | M52: 400
A53: 2 | B53: Nhilboy Gumapac | C53: Male | D53: Sta. Fe | E53: Danao | G53: Excel | H53: 500 | I53: dispersal | J53: pond | K53: satisfied
A54: 2 | B54: Luciano Lacaba Sr. | C54: Male | D54: Sta. Fe | E54: Danao | G54: Excel | H54: 500 | I54: 100 | J54: pond | K54: satisfied | M54: 400
A55: 2 | B55: Luciano Lacaba Sr. | C55: Male | D55: Sta. Fe | E55: Danao | G55: Excel | H55: 500 | I55: dispersal | J55: pond | K55: satisfied
A56: 2 | B56: Evaresto Busalanan | C56: Male | D56: Poblacion | E56: Danao | G56: Excel | H56: 1500 | I56: 300 | J56: pond | K56: satisfied | M56: 600
A57: 2 | B57: Evaresto Busalanan | C57: Male | D57: Poblacion | E57: Danao | G57: Excel | H57: 500 | I57: dispersal | J57: pond | K57: satisfied
A58: 2 | B58: Marlon Pogoy | C58: Male | D58: Villarcayo | E58: Carmen | G58: Excel | H58: 4000 | I58: 800 | J58: pond | K58: satisfied | M58: 1000
A59: 2 | B59: Reyna Trazo | C59: Female | D59: Poblacion | E59: Danao | G59: Excel | H59: 1300 | I59: 260 | J59: pond | K59: satisfied | M59: 300
A60: 2 | B60: Elbert Gumamoy | C60: Male | D60: Concepcion | E60: Danao | G60: Excel | H60: 500 | I60: 100 | J60: pond | K60: satisfied | M60: 250
A61: 2 | B61: Elbert Gumamoy | C61: Male | D61: Concepcion | E61: Danao | G61: Excel | H61: 500 | I61: dispersal | J61: pond | K61: satisfied
A62: 2 | B62: Jimmy Jumao-as | C62: Male | D62: Poblacion | E62: Sierra Bullones | G62: Koi carp | H62: 100 | I62: 1000 | J62: pond | K62: satisfied
A63: 2 | B63: Bryan Tomarong | C63: Male | D63: Danahaw | E63: Clarin | G63: Excel | H63: 500 | I63: 100 | J63: pond | K63: satisfied | M63: 100
A64: 2 | B64: Bryan Tomarong | C64: Male | D64: Danahaw | E64: Clarin | G64: Koi carp | H64: 15 | I64: 150 | J64: pond | K64: satisfied
A65: 2 | B65: Elizardo Laquinte | C65: Male | D65: Remedios | E65: Danao | G65: Excel | H65: 1000 | I65: 200 | J65: pond | K65: satisfied | M65: 300
A66: 2 | B66: Elizardo Laquinte | C66: Male | D66: Remedios | E66: Danao | G66: Excel | H66: 500 | I66: dispersal | J66: pond | K66: satisfied
A67: 2 | B67: Junas Igot | C67: Male | D67: San Carlos | E67: Danao | G67: Excel | H67: 1000 | I67: 200 | J67: pond | K67: satisfied | M67: 300
A68: 2 | B68: Nathaniel Adiong Jr. | C68: Male | D68: Buenavista | E68: Carmen | G68: Excel | H68: 1500 | I68: 300 | J68: pond | K68: satisfied | M68: 300
A69: 2 | B69: Rogelio Eyas | C69: Male | D69: Remedios | E69: Danao | G69: Excel | H69: 1000 | I69: 200 | J69: pond | K69: satisfied | M69: 300
A70: 2 | B70: Rogelio Eyas | C70: Male | D70: Remedios | E70: Danao | G70: Excel | H70: 500 | I70: dispersal | J70: pond | K70: satisfied
A71: 2 | B71: Joseph Ortega | C71: Male | D71: Concepcion | E71: Danao | G71: Excel | H71: 500 | I71: dispersal | J71: pond | K71: satisfied | M71: 300
A72: 2 | B72: Arnulfo Gumamoy | C72: Male | D72: Concepcion | E72: Danao | G72: Excel | H72: 500 | I72: dispersal | J72: pond | K72: satisfied | M72: 20
A73: 3 | B73: Jun Dell Panio | C73: Male | D73: Remedios | E73: Danao | G73: Excel | H73: 500 | I73: dispersal | J73: pond | K73: satisfied | M73: 378
A74: 3 | B74: Jun Dell Panio | C74: Male | D74: Remedios | E74: Danao | G74: Excel | H74: 1500 | I74: 300 | J74: pond | K74: satisfied
A75: 3 | B75: Antonio Saure | C75: Male | D75: Babag | E75: Dagohoy | G75: Excel | H75: 500 | I75: 100 | J75: pond | K75: satisfied | M75: 384
A76: 3 | B76: Antonio Saure | C76: Male | D76: Babag | E76: Dagohoy | G76: Excel | H76: 500 | I76: dispersal | J76: pond | K76: satisfied
A77: 3 | B77: Emmanuel Lupian | C77: Male | D77: Lawis | E77: Inabanga | G77: Excel | H77: 1500 | I77: 600 | J77: pond | K77: satisfied | M77: 600
A78: 3 | B78: Arnold Almedilla | C78: Male | D78: Tomoc | E78: San Miguel | G78: Koi carp | H78: 30 | I78: 300 | J78: pond | K78: satisfied
A79: 3 | B79: Aquileo Columnas | C79: Male | D79: Poblacion Sur | E79: Carmen | G79: Excel | H79: 5000 | I79: 1000 | J79: pond | K79: satisfied | M79: 1000
A80: 3 | B80: Aquileo Columnas | C80: Male | D80: Poblacion Sur | E80: Carmen | G80: Koi carp | H80: 10 | I80: 100 | J80: pond | K80: satisfied
A81: 3 | B81: Paul Gumamoy | C81: Male | D81: Concepcion | E81: Danao | G81: Excel | H81: 3000 | I81: 600 | J81: pond | K81: satisfied | M81: 768
A82: 3 | B82: Paul Gumamoy | C82: Male | D82: Concepcion | E82: Danao | G82: Excel | H82: 500 | I82: dispersal | J82: pond | K82: satisfied
A83: 3 | B83: Joevinal Espejo | C83: Male | D83: Guadalupe | E83: Carmen | G83: Excel | H83: 12000 | I83: 2400 | J83: pond | K83: satisfied | M83: 2500
A84: 3 | B84: Orlando Melloria | C84: Male | D84: Can-oling | E84: Dagohoy | G84: Excel | H84: 5000 | I84: 1000 | J84: pond | K84: satisfied | M84: 1200
A85: 3 | B85: Nilo Jumawid | C85: Male | D85: Tamboan | E85: Carmen | G85: Excel | H85: 4000 | I85: 800 | J85: pond | K85: satisfied | M85: 900
A86: 3 | B86: Ma. Liza Sena | C86: Female | D86: Katipunan | E86: Carmen | G86: Excel | H86: 1500 | I86: 300 | J86: pond | K86: satisfied | M86: 450
A87: 3 | B87: John Philip Curimatmat | C87: Male | D87: Katipunan | E87: Alicia | G87: Excel | H87: 4500 | I87: 900 | J87: pond | K87: satisfied | M87: 700
A88: 3 | B88: Paul James Olandria | C88: Male | D88: Buenos Aires | E88: Tubigon | G88: Excel | H88: 2500 | I88: 500 | J88: pond | K88: satisfied | M88: 800
A89: 3 | B89: Christopher Melencion | C89: Male | D89: Lapacan Norte | E89: Inabanga | G89: Excel | H89: 1500 | I89: 300 | J89: pond | K89: satisfied | M89: 150
A90: 3 | B90: Longino Baydal Jr. | C90: Male | D90: Pob. Vieja | E90: Batuan | G90: Excel | H90: 4000 | I90: 800 | J90: pond | K90: satisfied | M90: 1200
A91: 3 | B91: Bernabe Añana | C91: Male | D91: Ma. Rosario | E91: Inabanga | G91: Excel | H91: 600 | I91: 120 | J91: pond | K91: satisfied | M91: 120
A92: 3 | B92: Armando Campion | C92: Male | D92: Bayongan | E92: San Miguel | G92: Excel | H92: 3500 | I92: 700 | J92: pond | K92: satisfied | M92: 600
A93: 3 | B93: Boy Rosaupan | C93: Male | D93: Villarcayo | E93: Carmen | G93: Excel | H93: 15000 | I93: 3000 | J93: pond | K93: satisfied | M93: 3000
A94: 3 | B94: Cesario Suello | C94: Male | D94: Dagohoy | E94: San Miguel | G94: Excel | H94: 1500 | I94: 300 | J94: pond | K94: satisfied | M94: 300
A95: 3 | B95: JC Rey Inoc | C95: Male | D95: Poblacion | E95: Alicia | G95: Excel | H95: 2000 | I95: 400 | J95: pond | K95: satisfied | M95: 300
A96: 3 | B96: JC Rey Inoc | C96: Male | D96: Poblacion | E96: Alicia | G96: Koi carp | H96: 30 | I96: 300 | J96: pond | K96: satisfied
A97: 3 | B97: Alan abenita | C97: Male | D97: Poblacion | E97: Sagbayan | G97: Excel | H97: 3500 | I97: 700 | J97: pond | K97: satisfied | M97: 600
A98: 3 | B98: Rez James Bongato | C98: Male | D98: Caluwasan | E98: Clarin | G98: Excel | H98: 1200 | I98: 240 | J98: pond | K98: satisfied | M98: 250
A99: 3 | B99: Hilario Dantes | C99: Male | D99: Sta. Cruz | E99: Batuan | G99: Excel | H99: 5000 | I99: 1000 | J99: pond | K99: satisfied | M99: 1000
A100: 3 | B100: Rodrigo Sajulga | C100: Male | D100: Abachanan | E100: Sierra Bullones | G100: Excel | H100: 2000 | I100: 400 | J100: pond | K100: satisfied | M100: 300
...

Sheet August 2020
A1: FORMAT LIST OF ACTUAL BENEFICIARIES
C2: August 2020
J3: Total No. Of Beneficiaries:
J4: Male:
J5: Female:
A6: a. Individuals | J6: Others:(S.C./PWD)
F7: Types of Goods/Services Received | J7: DATE OF IMPLEMENTATION
A8: NAME OF BENEFICIARIES | C8: GENDER | D8: BARANGAY | E8: MUNICIPALITY | F8: Contact No./Email | H8: QUANTITY | I8: COST('000)
F9: Address(if any) | G9: Type/Species | H9: RECEIVED | J9: TYPE | K9: SATISFIED/
H10: (Unit/kg/pcs.) | K10: NOT SATISFIED
A11: DATE
A12: 4 | B12: Modesto Coquilla | C12: Male | D12: Alegria | E12: Catigbian | G12: Excel | H12: 1500 | I12: 300 | J12: pond | K12: satisfied | M12: 300
A13: 4 | B13: Nemesio Doria | C13: Male | D13: Villa Aurora | E13: Bilar | G13: Excel | H13: 18000 | I13: 3600 | J13: pond | K13: satisfied | M13: 4000
A14: 4 | B14: Ricardo Balag | C14: Male | D14: San Miguel | E14: Dagohoy | G14: Excel | H14: 500 | I14: dispersal | J14: pond | K14: satisfied | M14: 400
G15: Excel | H15: 2000 | I15: 400
A16: 4 | B16: Zoren Jay Puertos | C16: Male | D16: San Miguel | E16: Dagohoy | G16: Excel | H16: 500 | I16: dispersal | J16: pond | K16: satisfied | M16: 400
G17: Excel | H17: 1500 | I17: 300
A18: 4 | B18: Michelle Grace Lanoy | C18: Female | D18: San Miguel | E18: Dagohoy | G18: Excel | H18: 3000 | I18: 600 | J18: pond | K18: satisfied | M18: 1000
A19: 4 | B19: Camila Puertos | C19: Female | D19: San Miguel | E19: Dagohoy | G19: Excel | H19: 500 | I19: dispersal | J19: pond | K19: satisfied | M19: 500
G20: Excel | H20: 2000 | I20: 400
A21: 4 | B21: Lucila Timbal | C21: Female | D21: San Miguel | E21: Dagohoy | G21: Excel | H21: 500 | I21: dispersal | J21: pond | K21: satisfied | M21: 1500
G22: Excel | H22: 6000 | I22: 1200
A23: 4 | B23: Ronal Melicor | C23: Male | D23: Villarcayo | E23: Carmen | G23: Excel | H23: 3000 | I23: 600 | J23: pond | K23: satisfied | M23: 1296
A24: 4 | B24: Bonifacio Baro | C24: Male | D24: Hagbuaya | E24: Catigbian | G24: Excel | H24: 2000 | I24: 400 | J24: pond | K24: satisfied | M24: 300
A25: 4 | B25: Ambrosio Lomay | C25: Male | D25: Katipunan | E25: Carmen | G25: Excel | H25: 500 | I25: dispersal | J25: pond | K25: satisfied | M25: 225
A26: 4 | B26: Ambrosio Lomay | C26: Male | D26: Katipunan | E26: Carmen | G26: Excel | H26: 1500 | I26: 300
A27: 4 | B27: Prose Sucgang | C27: Male | D27: Magtangtang | E27: Danao | G27: Excel | H27: 500 | I27: 100 | J27: pond | K27: satisfied | M27: 100
A28: 4 | B28: Aric Leorna | C28: Male | D28: Villaflor | E28: Clarin | G28: Excel | H28: 1000 | I28: 200 | J28: pond | K28: satisfied | M28: 200
A29: 4 | B29: Gleceria Gaudicos | C29: Female | D29: Bongbong | E29: Catigbian | G29: Excel | H29: 200 | I29: 40 | J29: pond | K29: satisfied | M29: 40
A30: 4 | B30: Paolo Cajote | C30: Male | D30: Katipunan | E30: Carmen | G30: Excel | H30: 2000 | I30: 400 | J30: pond | K30: satisfied | M30: 600
A31: 4 | B31: Nestor Lingatong | C31: Male | D31: Canmano | E31: Sagbayan | G31: Excel | H31: 2000 | I31: 400 | J31: pond | K31: satisfied | M31: 300
A32: 4 | B32: Adel Aparece | C32: Male | D32: Villaflor | E32: Clarin | G32: Excel | H32: 1000 | I32: 200 | J32: pond | K32: satisfied | M32: 300
A33: 4 | B33: Arvin Tampos | C33: Male | D33: Panghagban | E33: Buenavista | G33: Excel | H33: 1000 | I33: 200 | J33: pond | K33: satisfied | M33: 50
A34: 4 | B34: Yurie Manayaga | C34: Male | D34: Pob. Norte | E34: Carmen | G34: Excel | H34: 2500 | I34: 500 | J34: pond | K34: satisfied | M34: 400
A35: 4 | B35: Beviano Basio | C35: Male | D35: Danahaw | E35: Clarin | G35: Excel | H35: 500 | I35: dispersal | J35: pond | K35: satisfied | M35: 525
A36: 4 | B36: Beviano Basio | C36: Male | D36: Danahaw | E36: Clarin | G36: Excel | H36: 2000 | I36: 400
A37: 4 | B37: Tito Unajan | C37: Male | D37: Pob. Sur | E37: Carmen | G37: Excel | H37: 8000 | I37: 1600 | J37: pond | K37: satisfied | M37: 1200
A38: 4 | B38: Efronio Sepe | C38: Male | D38: Buenos Aires | E38: Tubigon | G38: Excel | H38: 1200 | I38: 240 | J38: pond | K38: satisfied | M38: 250
A39: 4 | B39: Marcial Galler | C39: Male | D39: Cabagakian | E39: Dimiao | G39: Excel | H39: 2500 | I39: 500 | J39: pond | K39: satisfied | M39: 600
A40: 4 | B40: Juvy Cantaros | C40: Female | D40: Sta Cruz | E40: Batuan | G40: Excel | H40: 7000 | I40: 1400 | J40: pond | K40: satisfied | M40: 1500
A41: 4 | B41: John Mervin Cosmo | C41: Male | D41: Candumayao | E41: Catigbian | G41: Excel | H41: 3000 | I41: 600 | J41: pond | K41: satisfied | M41: 600
A42: 5 | B42: Johnrey Bermido | C42: Male | D42: Canlaas | E42: Antequera | G42: Excel | H42: 1000 | I42: 200 | J42: pond | K42: satisfied | M42: 200
A43: 5 | B43: Lenny Caldoza | C43: Female | D43: La Libertad | E43: Carmen | G43: Excel | H43: 1600 | I43: 320 | J43: pond | K43: satisfied | M43: 3000
A44: 5 | B44: Teodoro Lagrosa Jr. | C44: Male | D44: Villarcayo | E44: Carmen | G44: Excel | H44: 500 | I44: dispersal | J44: pond | K44: satisfied | M44: 400
A45: 5 | B45: Teodoro Lagrosa Jr. | C45: Male | D45: Villarcayo | E45: Carmen | G45: Excel | H45: 1500 | I45: 300 | J45: pond | K45: satisfied
A46: 5 | B46: Allen Aparici | C46: Male | D46: Som | E46: Trinidad | G46: Excel | H46: 1000 | I46: 200 | J46: pond | K46: satisfied | M46: 300
A47: 5 | B47: Carmelita Lague | C47: Female | D47: Guadalupe | E47: Carmen | G47: Excel | H47: 500 | I47: dispersal | J47: pond | K47: satisfied | M47: 240
A48: 5 | B48: Carmelita Lague | C48: Female | D48: Guadalupe | E48: Carmen | G48: Excel | H48: 1500 | I48: 300 | J48: pond | K48: satisfied
A49: 5 | B49: Adriano Maghamil | C49: Male | D49: San Miguel | E49: Dagohoy | G49: Excel | H49: 1500 | I49: 300 | J49: pond | K49: satisfied | M49: 300
A50: 5 | B50: Oliver Saure | C50: Male | D50: Ubujan | E50: Sagbayan | G50: Excel | H50: 1500 | I50: 300 | J50: pond | K50: satisfied | M50: 300
A51: 5 | B51: Reynaldo Marson | C51: Male | D51: Kabasakan | E51: Sagbayan | G51: Excel | H51: 500 | I51: dispersal | J51: pond | K51: satisfied | M51: 250
A52: 5 | B52: Reynaldo Marson | C52: Male | D52: Kabasakan | E52: Sagbayan | G52: Excel | H52: 1000 | I52: 200 | J52: pond | K52: satisfied
A53: 5 | B53: Rosalina Dagamac | C53: Female | D53: Buenasuerte | E53: Pilar | G53: Excel | H53: 4000 | I53: 800 | J53: pond | K53: satisfied | M53: 800
A54: 5 | B54: Leandre Artiaga | C54: Male | D54: San Francisco | E54: Talibon | G54: Excel | H54: 12000 | I54: 2400 | J54: pond | K54: satisfied | M54: 2500
A55: 5 | B55: Lito Luminarias | C55: Male | D55: Buenos Aires | E55: Tubigon | G55: Excel | H55: 2800 | I55: 560 | J55: pond | K55: satisfied | M55: 600
A56: 5 | B56: Arne Carpenteros | C56: Male | D56: Tubodaco | E56: Loon | G56: Excel | H56: 150 | I56: 30 | J56: pond | K56: satisfied | M56: 30
A57: 5 | B57: Salem Colina | C57: Male | D57: Bolod | E57: Panglao | G57: Excel | H57: 500 | I57: dispersal | J57: pond | K57: satisfied | M57: 150
A58: 5 | B58: Salem Colina | C58: Male | D58: Bolod | E58: Panglao | G58: Excel | H58: 500 | I58: 100 | J58: pond | K58: satisfied
A59: 5 | B59: Erwin Astronomo | C59: Male | D59: El Salvador | E59: Carmen | G59: Excel | H59: 300 | I59: 60 | J59: pond | K59: satisfied | M59: 25
A60: 5 | B60: Elmer Lomocso | C60: Male | D60: Quirino | E60: batuan | G60: Excel | H60: 500 | I60: 100 | J60: pond | K60: satisfied | M60: 100
A61: 5 | B61: Manuel Cardinas | C61: Male | D61: Candumayao | E61: Catigbian | G61: Excel | H61: 300 | I61: 60 | J61: pond | K61: satisfied | M61: 20
A62: 5 | B62: Ronald Susada | C62: Male | D62: Candumayao | E62: Catigbian | G62: Excel | H62: 600 | I62: 120 | J62: pond | K62: satisfied | M62: 100
A63: 5 | B63: Fredelito Pellotes | C63: Male | D63: Cahayag | E63: Tubigon | G63: Excel | H63: 700 | I63: 140 | J63: pond | K63: satisfied | M63: 150
A64: 5 | B64: James Besinga | C64: Male | D64: Bagumbayan | E64: Pilar | G64: Excel | H64: 400 | I64: 80 | J64: pond | K64: satisfied | M64: 80
A65: 5 | B65: Feljune Poquita | C65: Male | D65: Bunacan | E65: Tubigon | G65: Excel | H65: 300 | I65: 60 | J65: pond | K65: satisfied | M65: 60
A66: 5 | B66: John Kim Bautista | C66: Male | D66: Lapacan | E66: Buenavista | G66: Excel | H66: 300 | I66: 60 | J66: pond | K66: satisfied | M66: 50
A67: 5 | B67: Allan Maghanoy | C67: Male | D67: katipunan | E67: Sagbayan | G67: Excel | H67: 200 | I67: 40 | J67: pond | K67: satisfied | M67: 40
A68: 5 | B68: James Requillo | C68: Male | D68: Poblacion | E68: Danao | G68: Excel | H68: 500 | I68: 100 | J68: pond | K68: satisfied | M68: 60
A69: 5 | B69: Pablo Baay | C69: Male | D69: San Miguel | E69: Dagohoy | G69: Excel | H69: 500 | I69: 100 | J69: pond | K69: satisfied | M69: 100
A70: 5 | B70: Jovy Belila | C70: Female | D70: Sta. Catalina | E70: Sagbayan | G70: Excel | H70: 700 | I70: 140 | J70: pond | K70: satisfied | M70: 150
... A78: 5 | B78: Ronilo Canda | C78: Male | D78: Nueva Vida | E78: Carmen | G78: Excel | H78: 500 | I78: 100 | J78: pond | K78: satisfied | M78: 100
A79: 5 | B79: Noel Pagaran | C79: Male | D79: Abachanan | E79: Sierra Bullones | G79: Excel | H79: 500 | I79: dispersal | J79: pond | K79: satisfied | M79: 120
A80: 5 | B80: Noel Pagaran | C80: Male | D80: Abachanan | E80: Sierra Bullones | G80: Excel | H80: 500 | I80: 100 | J80: pond | K80: satisfied
A81: 5 | B81: Magdalino Betaizar | C81: Male | D81: Can-oling | E81: Dagohoy | G81: Excel | H81: 5000 | I81: 1000 | J81: pond | K81: satisfied | M81: 600
A82: 5 | B82: Wendel Boligor | C82: Male | D82: Cawayanan | E82: Tubigon | G82: Excel | H82: 100 | I82: 20 | J82: pond | K82: satisfied | M82: 15
A83: 6 | B83: Emma Tutor | C83: Female | D83: Tubod | E83: candijay | G83: Excel | H83: 4900 | I83: 980 | J83: pond | K83: satisfied | M83: 400
A84: 6 | B84: Dominador Ehntraelgo | C84: Male | D84: Garcia | E84: Batuan | G84: Excel | H84: 500 | I84: 100 | J84: pond | K84: satisfied | M84: 100
A85: 6 | B85: Pablito Orestila | C85: Male | D85: San Agustin | E85: Talibon | G85: Excel | H85: 10000 | I85: 2000 | J85: pond | K85: satisfied | M85: 3000
A86: 6 | B86: Melovin Salfucial | C86: Male | D86: Cang-iras | E86: Catigbian | G86: Excel | H86: 200 | I86: 40 | J86: pond | K86: satisfied | M86: 9
A87: 6 | B87: Domingo Limpot | C87: Male | D87: Pob. Vieja | E87: Batuan | G87: Excel | H87: 3000 | I87: 600 | J87: pond | K87: satisfied | M87: 600
A88: 6 | B88: Alvin Malanog | C88: Male | D88: Canaugkaan | E88: Corella | G88: Excel | H88: 500 | I88: 100 | J88: pond | K88: satisfied | M88: 64
A89: 6 | B89: Enrico Bangkil | C89: Male | D89: Cagawasan | E89: Dagohoy | G89: Excel | H89: 500 | I89: dispersal | J89: pond | K89: satisfied | M89: 500
A90: 6 | B90: Enrico Bangkil | C90: Male | D90: Cagawasan | E90: Dagohoy | G90: Excel | H90: 2000 | I90: 400 | J90: pond | K90: satisfied
A91: 6 | B91: Alpaul Artiaga | C91: Male | D91: Pob. Norte | E91: Carmen | G91: Excel | H91: 5000 | I91: 1000 | J91: pond | K91: satisfied | M91: 1200
A92: 6 | B92: Isidro Jumao-as | C92: Male | D92: Guadalupe | E92: Carmen | G92: Excel | H92: 500 | I92: dispersal | J92: pond | K92: satisfied | M92: 400
A93: 6 | B93: Isidro Jumao-as | C93: Male | D93: Guadalupe | E93: Carmen | G93: Excel | H93: 4000 | I93: 800 | J93: pond | K93: satisfied
A94: 6 | B94: Boy Vistal | C94: Male | D94: Daganwan | E94: Inabanga | G94: Excel | H94: 300 | I94: 60 | J94: pond | K94: satisfied | M94: 60
A95: 6 | B95: Susan Macawala | C95: Female | D95: Montesuerte | E95: Carmen | G95: Excel | H95: 2000 | I95: 400 | J95: pond | K95: satisfied | M95: 450
A96: 6 | B96: Christian Labor | C96: Male | D96: Buangan | E96: Clarin | G96: Excel | H96: 500 | I96: 100 | J96: pond | K96: satisfied | M96: 100
A97: 6 | B97: Ronald Alipoyo | C97: Male | D97: Hayahay | E97: Sagbayan | G97: Excel | H97: 300 | I97: 60 | J97: pond | K97: satisfied | M97: 65
A98: 6 | B98: Farrah Gitgano | C98: Female | D98: Nueva Vbida | E98: Loon | G98: Koicarp | H98: 30 | I98: 300 | J98: pond | K98: satisfied
A99: 6 | B99: Ghasen Dalapo | C99: Male | D99: Tamsion | E99: Valencia | G99: Excel | H99: 1500 | I99: 300 | J99: pond | K99: satisfied | M99: 100
A100: 6 | B100: Evelyn Magallen | C100: Female | D100: Pob. Norte | E100: Carmen | G100: Excel | H100: 4000 | I100: 800 | J100: pond | K100: satisfied | M100: 800
A101: 6 | B101: Orlando Ceballos | C101: Male | D101: Camanaga | E101: San Miguel | G101: Hito | H101: 1000 | I101: 1000 | J101: pond | K101: satisfied | M101: 400
A102: 6 | B102: Julius Limbago | C102: Male | D102: Guadalupe | E102: Carmen | G102: Excel | H102: 500 | I102: dispersal | J102: pond | K102: satisfied | M102: 360
A103: 6 | B103: Julius Limbago | C103: Male | D103: Guadalupe | E103: Carmen | G103: Excel | H103: 1500 | I103: 300 | J103: pond | K103: satisfied
A104: 6 | B104: Jayson Limbago | C104: Male | D104: Guadalupe | E104: Carmen | G104: Excel | H104: 500 | I104: dispersal | J104: pond | K104: satisfied | M104: 300
A105: 6 | B105: Jayson Limbago | C105: Male | D105: Guadalupe | E105: Carmen | G105: Excel | H105: 1500 | I105: 300 | J105: pond | K105: satisfied
A106: 6 | B106: Jonas Estorgio | C106: Male | D106: Lusong | E106: Buenavista | G106: Excel | H106: 300 | I106: 60 | J106: pond | K106: satisfied | M106: 60
A107: 6 | B107: `1 | C107: Male | D107: Bacani | E107: Clarin | G107: Excel | H107: 2000 | I107: 400 | J107: pond | K107: satisfied | M107: 450
...

Sheet August (Group)
A1: FORMAT LIST OF ACTUAL BENEFICIARIES
C2: August, 2020
K3: Total No. Of Beneficiaries:
K4: Male:
K5: Female:
A6: a. Groups | K6: Others:(S.C./PWD)
C7: NUMBER | F7: Contact | G7: Name of | H7: Types of Goods/Services Received | K7: DATE OF IMPLEMENTATION
A8: NAME OF LGU/ASSOCIATION | C8: OF | D8: BARANGAY | E8: MUNICIPALITY | F8: No./Email | G8: Representatives | I8: QUANTITY | J8: COST('000)
C9: MEMBERS | F9: Address (if | G9: who received | H9: Type/Species | I9: RECEIVED | K9: TYPE | L9: SATISFIED/
F10: any) | I10: (Unit/kg/pcs. | L10: NOT SATISFIED
A11: DATE
A12: 4 | B12: LGU - San Isidro | E12: San Isidro | H12: Excel | I12: 17000 | J12: 3400 | L12: satisfied
A13: 5 | B13: LGU - Clarin | E13: Clarin | G13: Emmanuel Gulayan | H13: Excel | I13: 3000 | J13: dispersal | L13: satisfied
A14: 5 | B14: Bagtic Masagana Multi-Purpose Coop. | D14: Poblacion | E14: Catigbian | G14: Mario Balio | H14: Excel | I14: 2000 | J14: 400 | L14: satisfied
A15: 7 | B15: LGU - Tubigon | E15: Tubigon | G15: Victor Boligao | H15: Excel | I15: 18759 | J15: dispersal | L15: satisfied
A16: 10 | B16: LGU - Jagna | D16: Pangdan | E16: Jagna | G16: Roderick Vertudazo | H16: Excel | I16: 22000 | J16: dispersal | L16: satisfied
A17: 11 | B17: PFO - Bohol | D17: Dao District | E17: Tagbilaran | G17: Victor Doblas | H17: Excel | I17: 8800 | J17: dispersal | L17: satisfied
A18: 11 | B18: PFO - Bohol | D18: Dao District | E18: Tagbilaran | H18: Hito | I18: 600 | J18: dispersal | L18: satisfied
A19: 18 | B19: LGU - San Isdiro | E19: San Isidro | G19: Ruel Cabug-os | H19: Excel | I19: 13700 | J19: 2740 | L19: satisfied | N19: 13700 | O19: sold
A20: 20 | B20: LGU - Antequera | D20: Tupas Lake | E20: Antequera | H20: C. carp | I20: 20000 | J20: dispersal | L20: satisfied
A21: 26 | B21: LGU - Clarin | E21: Clarin | G21: Emmanuel Gulayan | H21: Hito | I21: 500 | J21: dispersal | L21: satisfied
J29: SUMMARY:
J30: Direct Client:
B31: Prepared and Submitted by: | E31: Noted by: | J31: Coordinating Office:
J32: C. Carp:
J33: Ornamental Fish:
B34: GAYMELO Y. LOPEZ | E34: MARIO N. RUINATA, Ph. D. | J34: Catfish:
B35: AQUA II/OIC- Center Chief | E35: Research, Development & Extension Coordinating Office | J35: Freshwater Prawn:
J36: Total area (sq.m)
J37: Freshwater:
J38: Brackishwater:

Sheet September 2020
A1: FORMAT LIST OF ACTUAL BENEFICIARIES
B2: September, 2020
J3: Total No. Of Beneficiaries:
J4: Male:
J5: Female:
A6: a. Individuals | J6: Others:(S.C./PWD)
F7: Types of Goods/Services Received | J7: DATE OF IMPLEMENTATION
A8: NAME OF BENEFICIARIES | C8: GENDER | D8: BARANGAY | E8: MUNICIPALITY | F8: Contact No./Email | H8: QUANTITY | I8: COST('000)
F9: Address(if any) | G9: Type/Species | H9: RECEIVED | J9: TYPE | K9: SATISFIED/
H10: (Unit/kg/pcs.) | K10: NOT SATISFIED
A11: DATE
A12: 1 | B12: Simplicio Balonga Jr. | C12: Male | D12: Cabiguhan | E12: Trinidad | G12: Excel | H12: 15000 | I12: 3000 | J12: pond | K12: satisfied | M12: 1500
A13: 1 | B13: Francisco Fernandez | C13: Male | D13: Hagbuyo | E13: San Miguel | G13: Excel | H13: 1000 | I13: 200 | J13: pond | K13: satisfied | M13: 400
A14: 1 | B14: Daniel Sabior | C14: Male | D14: La Libertad | E14: Carmen | G14: Excel | H14: 500 | I14: dispersal | J14: pond | K14: satisfied | M14: 228
A15: 1 | B15: Daniel Sabior | C15: Male | D15: La Libertad | E15: Carmen | G15: Excel | H15: 1000 | I15: 200 | J15: pond | K15: satisfied
A16: 1 | B16: Analyn Gamella | C16: Female | D16: Canmano | E16: Sagbayan | G16: Excel | H16: 500 | I16: 100 | J16: pond | K16: satisfied | M16: 150
A17: 1 | B17: Rosalita Buaya | C17: Female | D17: Canmano | E17: Sagbayan | G17: Excel | H17: 500 | I17: 100 | J17: pond | K17: satisfied | M17: 150
A18: 1 | B18: Eduardo Yagonia | C18: Male | D18: Canmano | E18: Sagbayan | G18: Excel | H18: 500 | I18: 100 | J18: pond | K18: satisfied | M18: 150
A19: 1 | B19: Adelo Legaspi | C19: Male | D19: Nueva Vida Sur | E19: Carmen | G19: Excel | H19: 1000 | I19: 200 | J19: pond | K19: satisfied | M19: 200
A20: 1 | B20: Deuel Puracan | C20: Male | D20: Cabiguhan | E20: Trinidad | G20: Excel | H20: 25000 | I20: 5000 | J20: pond | K20: satisfied | M20: 5000
A21: 1 | B21: Nelson Tonido | C21: Male | D21: Bugang | E21: San Miguel | G21: Excel | H21: 20000 | I21: 4000 | J21: pond | K21: satisfied | M21: 10000
A22: 1 | B22: Mario Alvarez | C22: Male | D22: Bugang | E22: San Miguel | G22: Excel | H22: 5500 | I22: 1100 | J22: pond | K22: satisfied | M22: 2500
A23: 1 | B23: Roger Tinampay | C23: Male | D23: San Miguel | E23: Dagohoy | G23: Excel | H23: 12500 | I23: 2500 | J23: pond | K23: satisfied | M23: 3000
A24: 1 | B24: Roger Tinampay | C24: Male | D24: San Miguel | E24: Dagohoy | G24: C. carp | H24: 500 | I24: 300 | J24: pond | K24: satisfied
A25: 1 | B25: Joseph Escalante | C25: Male | D25: Poblacion | E25: Pilar | G25: Excel | H25: 500 | I25: dispersal | J25: pond | K25: satisfied | M25: 100
A26: 2 | B26: Crispin Lumantas | C26: Male | D26: Calingaan | E26: Sevilla | G26: Excel | H26: 4000 | I26: 1600 | J26: pond | K26: satisfied
A27: 2 | B27: Crispin Lumantas | C27: Male | D27: Calingaan | E27: Sevilla | G27: Excel | H27: 1000 | I27: 300 | J27: pond | K27: satisfied
A28: 2 | B28: Mark Joseph Gara | C28: Male | D28: Katipunan | E28: Alicia | G28: Excel | H28: 350 | I28: 105 | J28: pond | K28: satisfied | M28: 100
A29: 2 | B29: Jaime Quinio | C29: Male | D29: San Pascual | E29: Ubay | G29: Excel | H29: 1000 | I29: 300 | J29: pond | K29: satisfied | M29: 330
A30: 2 | B30: Maximo Assister | C30: Male | D30: Alegria | E30: Carmen | G30: Excel | H30: 300 | I30: 90 | J30: pond | K30: satisfied | M30: 50
A31: 2 | B31: Ares dela Torre | C31: Male | D31: Libertad | E31: Tubigon | G31: Excel | H31: 2000 | I31: 600 | J31: pond | K31: satisfied | M31: 600
A32: 2 | B32: Manuel Gutas | C32: Male | D32: Katipunan | E32: Carmen | G32: Excel | H32: 4000 | I32: 800 | J32: pond | K32: satisfied | M32: 700
A33: 2 | B33: Marvin Lubiano | C33: Male | D33: Libertad | E33: Tubigon | G33: Excel | H33: 100 | I33: 30 | J33: pond | K33: satisfied | M33: 30
A34: 2 | B34: Romeo Lenteria | C34: Male | D34: Bagumbayan | E34: Pilar | G34: Excel | H34: 500 | I34: 100 | J34: pond | K34: satisfied | M34: 100
A35: 2 | B35: Roldan Sumaylo | C35: Male | D35: Katipunan | E35: Carmen | G35: Excel | H35: 500 | I35: 100 | J35: pond | K35: satisfied | M35: 150
A36: 2 | B36: Roselier Estorion | C36: Male | D36: Tabok | E36: Danao | G36: Excel | H36: 700 | I36: 140 | J36: pond | K36: satisfied | M36: 200
A37: 2 | B37: Roshel Melicor | C37: Female | D37: Villarcayo | E37: Carmen | G37: Excel | H37: 500 | I37: 100 | J37: pond | K37: satisfied | M37: 150
A38: 2 | B38: Samuel Acaso | C38: Male | D38: Lucob | E38: Calape | G38: Koi carp | H38: 20 | I38: 100 | J38: pond | K38: satisfied
A39: 2 | B39: Ma. Stella Genita | C39: Female | D39: Malitbog | E39: Dagohoy | G39: Excel | H39: 500 | I39: dispersal | J39: pond | K39: satisfied | M39: 240
A40: 3 | B40: Gerry Camenade | C40: Male | D40: Mantasida | E40: Catigbian | G40: Excel | H40: 200 | I40: 60 | J40: pond | K40: satisfied | M40: 60
A41: 3 | B41: Leonardo Batausa | C41: Male | D41: Sta. Catalina | E41: Sagbayan | G41: Excel | H41: 500 | I41: 100 | J41: pond | K41: satisfied | M41: 100
A42: 3 | B42: Nick Guisado | C42: Male | D42: San Carlos | E42: Danao | G42: Excel | H42: 500 | I42: 100 | J42: pond | K42: satisfied | M42: 100
A43: 3 | B43: Roger Sipsip | C43: Male | D43: Katipunan | E43: Sagbayan | G43: Excel | H43: 300 | I43: 60 | J43: pond | K43: satisfied | M43: 12
A44: 3 | B44: Melvin Lanoy | C44: Male | D44: Cagawasan | E44: Dagohoy | G44: Excel | H44: 300 | I44: 60 | J44: pond | K44: satisfied | M44: 100
A45: 3 | B45: Marjoe Rey Labonite | C45: Male | E45: Tagbilaran | G45: Koi carp | H45: 13 | I45: 65 | J45: pond | K45: satisfied
A46: 3 | B46: Eulises Carnice | C46: Male | D46: Caluasan | E46: Dagohoy | G46: Excel | H46: 1000 | I46: 200 | J46: pond | K46: satisfied | M46: 300
A47: 3 | B47: Rudy Celosia | C47: Male | D47: San Carlos | E47: Danao | G47: Excel | H47: 600 | I47: 120 | J47: pond | K47: satisfied | M47: 900
A48: 3 | B48: Jonas Lamoste | C48: Male | D48: Canmaya Centro | E48: Sagbayan | G48: Excel | H48: 200 | I48: 40 | J48: pond | K48: satisfied | M48: 50
A49: 3 | B49: Loloy Baay | C49: Male | D49: San Miguel | E49: Dagohoy | G49: Excel | H49: 1000 | I49: 200 | J49: pond | K49: satisfied | M49: 500
A50: 3 | B50: Anthony Tandugon | C50: Male | D50: Nueva Fuerza | E50: Carmen | G50: Excel | H50: 500 | I50: 100 | J50: pond | K50: satisfied | M50: 100
A51: 3 | B51: Apolonio Avelino | C51: Male | D51: San Carlos | E51: Danao | G51: Excel | H51: 1000 | I51: 200 | J51: pond | K51: satisfied | M51: 200
A52: 3 | B52: Antonino Genita | C52: Male | D52: Bagumbayan | E52: Pilar | G52: Excel | H52: 3000 | I52: 600 | J52: pond | K52: satisfied | M52: 600
A53: 4 | B53: Alex Amihan | C53: Male | D53: Caluwasan | E53: Clarin | G53: Excel | H53: 8000 | I53: 1600 | J53: pond | K53: satisfied | M53: 1700
A54: 4 | B54: Alex Amihan | C54: Male | D54: Caluwasan | E54: Clarin | G54: Koi carp | H54: 250 | I54: 750 | J54: pond | K54: satisfied
A55: 4 | B55: Boyet Fabiolas | C55: Male | D55: Caboy | E55: Clarin | G55: Excel | H55: 400 | I55: 120 | J55: pond | K55: satisfied | M55: 120
A56: 4 | B56: Ryan Genita | C56: Male | D56: Libertad | E56: Tubigon | G56: Excel | H56: 400 | I56: 120 | J56: pond | K56: satisfied | M56: 100
A57: 4 | B57: Roger Alima | C57: Male | D57: Nueva Fuerza | E57: Carmen | G57: Excel | H57: 500 | I57: 100 | J57: pond | K57: satisfied | M57: 100
A58: 4 | B58: Bernabe Alampayan | C58: Male | D58: Nueva Vida Norte | E58: Carmen | G58: Excel | H58: 400 | I58: 80 | J58: pond | K58: satisfied | M58: 70
A59: 4 | B59: Marcian Almedilla | C59: Male | D59: Tomoc | E59: San Miguel | G59: Excel | H59: 1000 | I59: 200 | J59: pond | K59: satisfied | M59: 200
A60: 4 | B60: Arnel Jumawid | C60: Male | D60: Poblacion Norte | E60: Carmen | G60: Excel | H60: 500 | I60: 150 | J60: pond | K60: satisfied | M60: 150
A61: 4 | B61: Ronito Noira | C61: Male | D61: Bugang | E61: San Miguel | G61: Excel | H61: 5000 | I61: 1000 | J61: pond | K61: satisfied | M61: 1000
A62: 4 | B62: Edgar Alalad | C62: Male | D62: Katipunan | E62: Carmen | G62: Excel | H62: 1000 | I62: 200 | J62: pond | K62: satisfied | M62: 300
A63: 4 | B63: Niño Harold Quiño | C63: Male | D63: Bogtongbod | E63: Clarin | G63: Koi carp | H63: 300 | I63: 1500 | J63: pond | K63: satisfied
A64: 4 | B64: Junior Alipoyo | C64: Male | D64: Comaang | E64: Clarin | G64: Koi carp | H64: 30 | I64: 150 | J64: pond | K64: satisfied
A65: 4 | B65: Terry Cooke | C65: Male | D65: Macaas | E65: Tubigon | G65: Koi carp | H65: 20 | I65: 100 | J65: pond | K65: satisfied
A66: 4 | B66: Lemuel Aduabe | C66: Male | D66: Comaang | E66: Clarin | G66: Koi carp | H66: 300 | I66: 1500 | J66: pond | K66: satisfied
A67: 4 | B67: Perfecto Dag-um Jr. | C67: Male | D67: Nueva Fuerza | E67: Carmen | G67: Excel | H67: 500 | I67: dispersal | J67: pond | K67: satisfied | M67: 120
A68: 4 | B68: Miller Albarasin | C68: Male | D68: Matin-ao | E68: Carmen | G68: Excel | H68: 500 | I68: dispersal | J68: pond | K68: satisfied | M68: 100
A69: 4 | B69: Alberto Rasonabe | C69: Male | D69: San Miguel | E69: Dagohoy | G69: Excel | H69: 500 | I69: dispersal | J69: pond | K69: satisfied | M69: 100
A70: 5 | B70: Roi Balaba | C70: Male | D70: Can-oling | E70: Dagohoy | G70: Excel | H70: 2000 | I70: 400 | J70: pond | K70: satisfied | M70: 400
A71: 5 | B71: Gil Maraguinot | C71: Male | D71: Poblacion Norte | E71: Carmen | G71: Excel | H71: 300 | I71: 60 | J71: pond | K71: satisfied | M71: 80
A72: 5 | B72: Anelyn Temblor | C72: Female | D72: Buenos Aires | E72: Tubigon | G72: Excel | H72: 500 | I72: 10 | J72: pond | K72: satisfied | M72: 115
A73: 5 | B73: Teodulo Leornas | C73: Male | D73: Villanueva | E73: Tubigon | G73: Excel | H73: 300 | I73: 60 | J73: pond | K73: satisfied | M73: 60
A74: 5 | B74: Enrique Suello | C74: Male | D74: Dagohoy | E74: Danao | G74: Excel | H74: 500 | I74: 100 | J74: pond | K74: satisfied | M74: 100
A75: 5 | B75: Rodrigo Suello | C75: Male | D75: Dagohoy | E75: Danao | G75: Excel | H75: 1500 | I75: 300 | J75: pond | K75: satisfied | M75: 600
A76: 5 | B76: Gerry Asna | C76: Male | D76: Cabudburan | E76: Calape | G76: Excel | H76: 200 | I76: 40 | J76: pond | K76: satisfied | M76: 40
A77: 5 | B77: Roland Rulona | C77: Male | D77: Cabudburan | E77: Calape | G77: Excel | H77: 200 | I77: 40 | J77: pond | K77: satisfied | M77: 40
A78: 5 | B78: Mary Grace Sanchez | C78: Female | D78: Cabudburan | E78: Calape | G78: Excel | H78: 200 | I78: 40 | J78: pond | K78: satisfied
A79: 5 | B79: Albert Candole | C79: Male | D79: El Progreso | E79: Carmen | G79: Hito | H79: 200 | I79: 200 | J79: pond | K79: satisfied | M79: 300
A80: 6 | B80: Sherwin Lanoy | C80: Male | D80: Buenos Aires | E80: Tubigon | G80: Excel | H80: 500 | I80: 100 | J80: pond | K80: satisfied | M80: 100
A81: 6 | B81: Guillermo Lanoy | C81: Male | D81: Buenos Aires | E81: Tubigon | G81: Excel | H81: 500 | I81: 100 | J81: pond | K81: satisfied | M81: 300
A82: 6 | B82: Marcos Temblor | C82: Male | D82: Buenos Aires | E82: Tubigon | G82: Excel | H82: 500 | I82: 100 | J82: pond | K82: satisfied | M82: 300 | P82: Sep 1-6, 2020
A83: 6 | B83: Nestor Bagabaldo | C83: Male | D83: Behind the Clouds | E83: Batuan | G83: Excel | H83: 500 | I83: 100 | J83: pond | K83: satisfied | M83: 300 | P83: Tilapia
A84: 6 | B84: Marivic Mamburao | C84: Female | D84: Behind the Clouds | E84: Batuan | G84: Excel | H84: 500 | I84: 100 | J84: pond | K84: satisfied | M84: 300 | P84: Sold | Q84: 136400 | R84: =SUM(H12:H13,H15:H23,H26:H37,H40:H44,H46:H53,H55:H62,H70:H78,H80:H92) -> 136400
A85: 6 | B85: Marycris Tanaid | C85: Female | D85: La Victoria | E85: Carmen | G85: Excel | H85: 500 | I85: 100 | J85: pond | K85: satisfied | M85: 150 | P85: Dispersed | Q85: 3000 | R85: =SUM(H67:H69,H39,H25,H14) -> 3000
A86: 6 | B86: Tata Aladad | C86: Male | D86: Katipunan | E86: Carmen | G86: Excel | H86: 2000 | I86: 400 | J86: pond | K86: satisfied | M86: 400 | P86: C. carp
A87: 6 | B87: Ranero Miano | C87: Male | D87: Lajog | E87: Clarin | G87: Excel | H87: 300 | I87: 60 | J87: pond | K87: satisfied | M87: 60 | P87: Sold | Q87: 500
A88: 6 | B88: Danielo Asucan | C88: Male | D88: San Vicente | E88: Dagohoy | G88: Excel | H88: 500 | I88: 100 | J88: pond | K88: satisfied | M88: 100 | P88: Hito
A89: 6 | B89: Merle Estrera | C89: Female | D89: San Vicente | E89: Dagohoy | G89: Excel | H89: 100 | I89: 20 | J89: pond | K89: satisfied | M89: 20 | P89: Sold | Q89: 200
A90: 6 | B90: Boy Vistal | C90: Male | D90: Dagnawan | E90: Inabanga | G90: Excel | H90: 500 | I90: 100 | J90: pond | K90: satisfied | M90: 100 | P90: Ornamental
A91: 6 | B91: Jovil Baldesco | C91: Male | D91: Candumayao | E91: Catigbian | G91: Excel | H91: 300 | I91: 60 | J91: pond | K91: satisfied | M91: 100 | P91: Koi | Q91: 933
A92: 6 | B92: Gliezer Gabriel Bongato | C92: Male | D92: Villaflor | E92: Clarin | G92: Excel | H92: 250 | I92: 50 | J92: pond | K92: satisfied | M92: 50
A93: 7 | B93: Cepriano Mandin | C93: Male | D93: Candabong | E93: Loboc | G93: Excel | H93: 500 | I93: 100 | J93: pond | K93: satisfied | M93: 100
A94: 7 | B94: Eugenio Degal | C94: Male | D94: La Libertad | E94: Carmen | G94: Excel | H94: 500 | I94: 100 | J94: pond | K94: satisfied | M94: 100
A95: 7 | B95: Tito Ajoc | C95: Male | D95: Sta. Cruz | E95: Batuan | G95: Excel | H95: 11500 | I95: 2300 | J95: pond | K95: satisfied | M95: 2000
A96: 7 | B96: Nelson Lagare | C96: Male | D96: Poblacion | E96: Catigbian | G96: Excel | H96: 300 | I96: 60 | J96: pond | K96: satisfied | M96: 50
A97: 7 | B97: Agustin Casol | C97: Male | D97: Rizal | E97: Talibon | G97: Excel | H97: 1000 | I97: 200 | J97: pond | K97: satisfied | M97: 400
A98: 7 | B98: Jerson Rara | C98: Male | D98: Hibale | E98: Danao | G98: Excel | H98: 1500 | I98: 300 | J98: pond | K98: satisfied | M98: 300
A99: 7 | B99: John Punio | C99: Male | D99: Lajog | E99: Clarin | G99: Excel | H99: 300 | I99: 60 | J99: pond | K99: satisfied | M99: 50
A100: 7 | B100: Domingo Pugoy | C100: Male | D100: Caboy | E100: Clarin | G100: Excel | H100: 100 | I100: 20 | J100: pond | K100: satisfied | M100: 25
...

Sheet September (Group)
A1: FORMAT LIST OF ACTUAL BENEFICIARIES
C2: September, 2020
K3: Total No. Of Beneficiaries:
K4: Male:
K5: Female:
A6: a. Groups | K6: Others:(S.C./PWD)
C7: NUMBER | F7: Contact | G7: Name of | H7: Types of Goods/Services Received | K7: DATE OF IMPLEMENTATION
A8: NAME OF LGU/ASSOCIATION | C8: OF | D8: BARANGAY | E8: MUNICIPALITY | F8: No./Email | G8: Representatives | I8: QUANTITY | J8: COST('000)
C9: MEMBERS | F9: Address (if | G9: who received | H9: Type/Species | I9: RECEIVED | K9: TYPE | L9: SATISFIED/
F10: any) | I10: (Unit/kg/pcs. | L10: NOT SATISFIED
A11: DATE
A12: 17 | B12: MAO - LGU San Miguel | E12: San Miguel | H12: Excel | I12: 6000 | J12: dispersal | K12: pond | L12: satisfied
A13: 17 | B13: MAO - LGU San Miguel | E13: San Miguel | H13: Excel | I13: 40000 | J13: 8000 | K13: pond | L13: satisfied
A14: 23 | B14: LGU - Tubigon | E14: Tubigon | H14: Excel | I14: 3075 | J14: dispersal | K14: pond | L14: satisfied | O14: =I14+I16+I17+I18 -> 25075
A15: 23 | B15: LGU - Tubigon | E15: Tubigon | H15: Excel | I15: 8000 | J15: 1600 | K15: pond | L15: satisfied
A16: 24 | B16: LGU - Garcia Hernandez | C16: 7 | E16: Garcia Hernandez | G16: Mary Ann Abucejo | H16: Excel | I16: 11500 | J16: dispersal | K16: pond | L16: satisfied
A17: 24 | B17: LGU - Pilar | C17: 5 | E17: Pilar | H17: Excel | I17: 7500 | J17: dispersal | K17: pond | L17: satisfied
A18: 25 | B18: LGU - Cortes | E18: Cortes | G18: Maria Luz Alcala | H18: Excel | I18: 3000 | J18: dispersal | K18: pond | L18: satisfied
N19: 13700 | O19: sold
J29: SUMMARY:
J30: Direct Client:
B31: Prepared and Submitted by: | E31: Noted by: | J31: Coordinating Office:
J32: C. Carp:
J33: Ornamental Fish:
B34: GAYMELO Y. LOPEZ | E34: MARIO N. RUINATA, Ph. D. | J34: Catfish:
B35: AQUA II/OIC- Center Chief | E35: Research, Development & Extension Coordinating Office | J35: Freshwater Prawn:
J36: Total area (sq.m)
J37: Freshwater:
J38: Brackishwater:

Sheet October 2020
A1: FORMAT LIST OF ACTUAL BENEFICIARIES
B2: October, 2020
J3: Total No. Of Beneficiaries:
J4: Male:
J5: Female:
A6: a. Individuals | J6: Others:(S.C./PWD)
F7: Types of Goods/Services Received | J7: DATE OF IMPLEMENTATION
A8: NAME OF BENEFICIARIES | C8: GENDER | D8: BARANGAY | E8: MUNICIPALITY | F8: Contact No./Email | H8: QUANTITY | I8: COST('000)
F9: Address(if any) | G9: Type/Species | H9: RECEIVED | J9: TYPE | K9: SATISFIED/
H10: (Unit/kg/pcs.) | K10: NOT SATISFIED
A11: DATE
A12: 1 | B12: Ronald Injog | C12: Male | D12: Bongbong | E12: Trinidad | G12: Excel | H12: 4000 | I12: 800 | J12: pond | K12: satisfied | M12: 5000
A13: 1 | B13: Clenton Estellore | C13: Male | D13: Nagawan | E13: Clarin | G13: Excel | H13: 100 | I13: 20 | J13: pond | K13: satisfied | M13: 20
A14: 1 | B14: Jessie Butron | C14: Male | D14: Concepcion | E14: Sierra Bullones | G14: Excel | H14: 2000 | I14: 400 | J14: pond | K14: satisfied | M14: 400
A15: 1 | B15: Reynaldo Infiesto | C15: Male | D15: Villafuerte | E15: Carmen | G15: Excel | H15: 3500 | I15: 700 | J15: pond | K15: satisfied | M15: 1000
A16: 1 | B16: Glecerio Tajale | C16: Male | D16: Montesunting | E16: Carmen | G16: Excel | H16: 1000 | I16: 200 | J16: pond | K16: satisfied | M16: 4500
A17: 1 | B17: Eleonor Cubos | C17: Female | D17: Hanopol | E17: Balilihan | G17: Excel | H17: 200 | I17: 40 | J17: pond | K17: satisfied | M17: 40
A18: 1 | B18: Victor Mercado | C18: Male | D18: Magsaysay | E18: Sierra Bullones | G18: Excel | H18: 500 | I18: 100 | J18: pond | K18: satisfied | M18: 100
A19: 1 | B19: Terry Alisoso | C19: Male | D19: Mata-ub | E19: Clarin | G19: Excel | H19: 300 | I19: 60 | J19: pond | K19: satisfied | M19: 40
A20: 1 | B20: Alexander Mulato | C20: Male | D20: Cabulihan | E20: Tubigon | G20: Excel | H20: 200 | I20: 40 | J20: pond | K20: satisfied | M20: 20
A21: 1 | B21: Jerome Reyes | C21: Male | D21: Hillside | E21: Sagbayan | G21: Excel | H21: 100 | I21: 20 | J21: pond | K21: satisfied | M21: 25
A22: 1 | B22: Elmer Manlangit | C22: Male | D22: Katipunan | E22: Carmen | G22: Excel | H22: 300 | I22: 60 | J22: pond | K22: satisfied | M22: 60
A23: 1 | B23: Ramil Binangbang | C23: Male | D23: La Libertad | E23: Carmen | G23: Excel | H23: 500 | I23: dispersal | J23: pond | K23: satisfied | M23: 200
A24: 1 | B24: Ramil Binangbang | C24: Male | D24: La Libertad | E24: Carmen | G24: Excel | H24: 800 | I24: 160 | J24: pond | K24: satisfied
A25: 1 | B25: Jasmin Baculta | C25: Female | D25: Candumayao | E25: Catigbian | G25: Excel | H25: 500 | I25: 100 | J25: pond | K25: satisfied | M25: 100
A26: 2 | B26: Alfredo Vistal | C26: Male | D26: Taming | E26: Danao | G26: Excel | H26: 500 | I26: 100 | J26: pond | K26: satisfied | M26: 150
A27: 2 | B27: Divine Lisondra | C27: Female | D27: Canmaya Centro | E27: Sagbayan | G27: Swordtail | H27: 5 | I27: 15 | J27: pond | K27: satisfied
A28: 2 | B28: Tereso Comia | C28: Male | D28: Poblacion Sur | E28: Clarin | G28: Excel | H28: 150 | I28: 30 | J28: pond | K28: satisfied | M28: 30
A29: 2 | B29: Yman Carreon | C29: Male | D29: Calatrava | E29: Carmen | G29: Excel | H29: 500 | I29: 100 | J29: pond | K29: satisfied | M29: 100
A30: 2 | B30: Jaime Cabulao | C30: Male | D30: Matin-ao | E30: Carmen | G30: Excel | H30: 500 | I30: 100 | J30: pond | K30: satisfied | M30: 150
A31: 2 | B31: Gary Cresencio | C31: Male | D31: San Jose | E31: Talibon | G31: Excel | H31: 500 | I31: 100 | J31: pond | K31: satisfied | M31: 100
A32: 2 | B32: Melflores Bitang | C32: Male | D32: Poblacion | E32: Sagbayan | G32: Excel | H32: 500 | I32: 100 | J32: pond | K32: satisfied | M32: 150
A33: 2 | B33: Jorge Salo | C33: Male | D33: Candajec | E33: Clarin | G33: Excel | H33: 500 | I33: 100 | J33: pond | K33: satisfied | M33: 150
A34: 2 | B34: Norberto Mellomida | C34: Male | D34: Calangahan | E34: Sagbayan | G34: Excel | H34: 500 | I34: 100 | J34: pond | K34: satisfied | M34: 150
A35: 2 | B35: Francis Lance Cañejares | C35: Male | D35: Tomoc | E35: San Miguel | G35: Excel | H35: 500 | I35: 100 | J35: pond | K35: satisfied | M35: 150
A36: 2 | B36: Ronel Lusica | C36: Male | D36: Catagdaan | E36: Pilar | G36: Excel | H36: 500 | I36: dispersal | J36: pond | K36: satisfied | M36: 200
A37: 2 | B37: Ronel Lusica | C37: Male | D37: Catagdaan | E37: Pilar | G37: Excel | H37: 500 | I37: 100 | J37: pond | K37: satisfied
A38: 2 | B38: Alberto Cabillon | C38: Male | D38: Dagnawan | E38: Sagbayan | G38: Excel | H38: 500 | I38: 100 | J38: pond | K38: satisfied | M38: 100
A39: 2 | B39: Jonard Bajao | C39: Male | D39: Nahawan | E39: Clarin | G39: Excel | H39: 500 | I39: 100 | J39: pond | K39: satisfied | M39: 100
A40: 3 | B40: Jose Rusel Melencion | C40: Male | D40: Poblacion | E40: Danao | G40: Excel | H40: 1000 | I40: 200 | J40: pond | K40: satisfied | M40: 220
A41: 3 | B41: Dionesio Suarez | C41: Male | D41: La Esperanza | E41: Dagohoy | G41: Excel | H41: 1000 | I41: 200 | J41: pond | K41: satisfied | M41: 300
A42: 3 | B42: Renato Boquila | C42: Male | D42: Poblacion | E42: Lila | G42: Excel | H42: 1000 | I42: 200 | J42: pond | K42: satisfied | M42: 200
A43: 3 | B43: Pelagio Garcera | C43: Male | D43: Lomboy | E43: Inabanga | G43: Excel | H43: 1000 | I43: 200 | J43: pond | K43: satisfied | M43: 100
A44: 3 | B44: Abraham Salvalion | C44: Male | D44: Bulilis | E44: Ubay | G44: Excel | H44: 1000 | I44: 200 | J44: pond | K44: satisfied | M44: 800
A45: 3 | B45: Almer Castino | C45: Male | D45: Bulilis | E45: Ubay | G45: Excel | H45: 1000 | I45: 200 | J45: pond | K45: satisfied | M45: 300
A46: 3 | B46: Nixon Mojeres | C46: Male | D46: San Juan | E46: Sierra Bullones | G46: Excel | H46: 1000 | I46: 200 | J46: pond | K46: satisfied | M46: 300
A47: 3 | B47: Ciriaco Tusoy | C47: Male | D47: Rizal | E47: Pilar | G47: Excel | H47: 1000 | I47: 200 | J47: pond | K47: satisfied | M47: 300
A48: 3 | B48: Ricardo Matela | C48: Male | D48: Villa Aurora | E48: Dagohoy | G48: Excel | H48: 1000 | I48: 200 | J48: pond | K48: satisfied | M48: 300
A49: 3 | B49: Junbert Togonon | C49: Male | D49: Sinakayanan | E49: Catigbian | G49: Excel | H49: 1000 | I49: 200 | J49: pond | K49: satisfied | M49: 200
A50: 3 | B50: Agido Mansueto | C50: Male | D50: Buenavista | E50: Carmen | G50: Excel | H50: 1000 | I50: 200 | J50: pond | K50: satisfied | M50: 200
A51: 3 | B51: Loyd Alipoyo | C51: Male | D51: Potohan | E51: Tubigon | G51: KoiCarp | H51: 10 | I51: 100 | J51: pond | K51: satisfied
A52: 3 | B52: Vidal Paje | C52: Male | D52: Katipunan | E52: Carmen | G52: Excel | H52: 100 | I52: 20 | J52: pond | K52: satisfied | M52: 20
A53: 4 | B53: Danilo Suello | C53: Male | D53: Dagohoy | E53: Danao | G53: Excel | H53: 1000 | I53: 200 | J53: pond | K53: satisfied | M53: 200 | O53: October 1-4, 2020
A54: 4 | B54: Gilmar Abuyo | C54: Male | D54: Calatrava | E54: Carmen | G54: Excel | H54: 1000 | I54: 200 | J54: pond | K54: satisfied | M54: 200 | O54: TILAPIA
A55: 4 | B55: Arjie Betarmos | C55: Male | D55: Ma. Rosario | E55: Inabanga | G55: Excel | H55: 1000 | I55: 200 | J55: pond | K55: satisfied | M55: 200 | O55: Dispersed | P55: 1000
A56: 4 | B56: Lucede Rejas | C56: Male | D56: Katipunan | E56: Carmen | G56: Excel | H56: 1000 | I56: 200 | J56: pond | K56: satisfied | M56: 200 | O56: Sold | P56: 47450
A57: 4 | B57: Teofilo Batausa | C57: Male | D57: Katipunan | E57: Carmen | G57: Excel | H57: 1000 | I57: 200 | J57: pond | K57: satisfied | M57: 400 | O57: ORNAMENTAL
A58: 4 | B58: TJ Cambangay | C58: Male | D58: San Jose | E58: Talibon | G58: Excel | H58: 1000 | I58: 200 | J58: pond | K58: satisfied | M58: 400 | O58: koi | P58: 10
A59: 4 | B59: Jerameel Mulos | C59: Male | D59: Tangaran | E59: Clarin | G59: Excel | H59: 1000 | I59: 200 | J59: pond | K59: satisfied | M59: 400 | O59: swordtail | P59: 5
A60: 4 | B60: Alberto Labarico Jr. | C60: Male | D60: Hinlayagan Ilaya | E60: Trinidad | G60: Excel | H60: 2000 | I60: 400 | J60: pond | K60: satisfied | M60: 600
A61: 4 | B61: Jay Cral Cuba | C61: Male | D61: Poblacion Norte | E61: Batuan | G61: Excel | H61: 2000 | I61: 400 | J61: pond | K61: satisfied | M61: 400
A62: 4 | B62: Andres Espinal | C62: Male | D62: La Esperanza | E62: Dagohoy | G62: Excel | H62: 2000 | I62: 400 | J62: pond | K62: satisfied | M62: 300
A63: 4 | B63: Beverly Baldapan | C63: Female | D63: Katipunan | E63: Carmen | G63: Excel | H63: 2000 | I63: 400 | J63: pond | K63: satisfied | M63: 300
A64: 4 | B64: Ramon Tampepe | C64: Male | D64: Ubujan | E64: Inabanga | G64: Excel | H64: 1100 | I64: 220 | J64: pond | K64: satisfied | M64: 200
A65: 4 | B65: Jaylord Badillea | C65: Male | D65: Cabayugan | E65: Calape | G65: Excel | H65: 1100 | I65: 220 | J65: pond | K65: satisfied | M65: 200
A66: 5 | B66: Arman Anunciado | C66: Male | D66: Pooc Oriental | E66: Tubigon | G66: Excel | H66: 100 | I66: 20 | J66: pond | K66: satisfied | M66: 20
A67: 5 | B67: Eustaquio Labonete | C67: Male | D67: Tomoc | E67: San Miguel | G67: Excel | H67: 600 | I67: 120 | J67: pond | K67: satisfied | M67: 100
A68: 5 | B68: Epifanio Baba | C68: Male | D68: Genonocan | E68: Tubigon | G68: Excel | H68: 300 | I68: 60 | J68: pond | K68: satisfied | M68: 100
A69: 5 | B69: Bonifacio Tayabas | C69: Male | D69: Poblacion | E69: Catigbian | G69: Excel | H69: 200 | I69: 80 | J69: pond | K69: satisfied | M69: 40
A70: 5 | B70: David Auxtero | C70: Male | D70: Dorol | E70: Balilihan | G70: Excel | H70: 850 | I70: 170 | J70: pond | K70: satisfied | M70: 200
A71: 5 | B71: Oliver Lagad | C71: Male | D71: Maitum | E71: Catigbian | G71: Excel | H71: 300 | I71: 60 | J71: pond | K71: satisfied | M71: 150
A72: 5 | B72: Mae Ann Agias | C72: Female | D72: San Agustion | E72: Sagbayan | G72: Swordtail | H72: 10 | I72: 30 | J72: pond | K72: satisfied
A73: 5 | B73: Celestino Ngoho | C73: Male | D73: Calangahan | E73: Sagbayan | G73: Excel | H73: 100 | I73: 20 | J73: pond | K73: satisfied | M73: 20
A74: 5 | B74: Rogelio Nogalada | C74: Male | D74: Kauswagan | E74: Trinidad | G74: Excel | H74: 15000 | I74: 3000 | J74: pond | K74: satisfied | M74: 5000
A75: 5 | B75: Oligario Gales Jr. | C75: Male | D75: Bangwalog | E75: Duero | G75: Excel | H75: 10000 | I75: 2000 | J75: pond | K75: satisfied | M75: 2500
A76: 5 | B76: Olimpio Torregosa | C76: Male | D76: Magtangtang | E76: Danao | G76: Excel | H76: 300 | I76: 90 | J76: pond | K76: satisfied | M76: 50
A77: 5 | B77: Jefferson Enad | C77: Male | D77: Caluwasan | E77: Clarin | G77: Excel | H77: 150 | I77: 30 | J77: pond | K77: satisfied | M77: 30
A78: 5 | B78: Allen Ray Piezas | C78: Male | D78: Poblacion Centro | E78: Clarin | G78: Excel | H78: 3000 | I78: dispersal | J78: pond | K78: satisfied | M78: 500
A79: 6 | B79: Jacinto Crujedo | C79: Male | D79: San Jose | E79: Inabanga | G79: Excel | H79: 500 | I79: 100 | J79: pond | K79: satisfied | M79: 100
A80: 6 | B80: Raymund Marabiles | C80: Male | D80: Villafuerte | E80: Carmen | G80: Excel | H80: 200 | I80: 40 | J80: pond | K80: satisfied | M80: 60
A81: 6 | B81: Emma Cutamora | C81: Female | D81: Bayongan | E81: San Miguel | G81: Excel | H81: 500 | I81: 100 | J81: pond | K81: satisfied | M81: 100
A82: 6 | B82: Rolando Divino | C82: Male | D82: Calatrava | E82: Carmen | G82: Excel | H82: 500 | I82: 100 | J82: pond | K82: satisfied | M82: 100
A83: 6 | B83: Cristina Logatoc | C83: Female | D83: Nueva Vida norte | E83: Carmen | G83: Excel | H83: 500 | I83: 100 | J83: pond | K83: satisfied | M83: 360
A84: 6 | B84: Ricardo Limbago | C84: Male | D84: Nueva Vida norte | E84: Carmen | G84: Excel | H84: 500 | I84: 100 | J84: pond | K84: satisfied | P84: 37210
A85: 6 | B85: Delfin Gingone | C85: Male | D85: Villaflor | E85: Carmen | G85: Excel | H85: 500 | I85: 100 | J85: pond | K85: satisfied | M85: 100 | P85: =P84-H78 -> 34210
A86: 6 | B86: Rogelio Lapore | C86: Male | D86: Nahud | E86: Danao | G86: Excel | H86: 500 | I86: 100 | J86: pond | K86: satisfied | M86: 100 | P86: =P85-H72 -> 34200
A87: 6 | B87: Argie Vistal | C87: Male | D87: Ma. Rosario | E87: Inabanga | G87: Excel | H87: 500 | I87: 100 | J87: pond | K87: satisfied | M87: 400
A88: 6 | B88: Jasmine Castino | C88: Female | D88: Bulilis | E88: Ubay | G88: Excel | H88: 500 | I88: 100 | J88: pond | K88: satisfied | M88: 100
A89: 6 | B89: Alan Estellore | C89: Male | D89: Caluwasan | E89: Clarin | G89: Excel | H89: 1000 | I89: 400 | J89: pond | K89: satisfied | M89: 400
A90: 6 | B90: Mark Lou Generalao | C90: Male | D90: Caluwasan | E90: Clarin | G90: Excel | H90: 200 | I90: 40 | J90: pond | K90: satisfied | M90: 40
A91: 6 | B91: Mark Levin Ladez | C91: Male | D91: Bentig | E91: Calape | G91: Excel | H91: 100 | I91: 20 | J91: pond | K91: satisfied | M91: 20
A92: 7 | B92: Rosalino Pesidas | C92: Male | D92: Buenavista | E92: Ubay | G92: Excel | H92: 300 | I92: 60 | J92: pond | K92: satisfied | M92: 60
A93: 7 | B93: Vincent Divinosa | C93: Male | D93: Sinakayanan | E93: Catigbian | G93: Excel | H93: 300 | I93: 60 | J93: pond | K93: satisfied | M93: 60
A94: 7 | B94: Ignacio Billaces | C94: Male | D94: Guadalupe | E94: Carmen | G94: C. carp | H94: 200 | I94: 120 | J94: pond | K94: satisfied
A95: 7 | B95: Rogelio Anino | C95: Male | D95: Cantomimbo | E95: Balilihan | G95: Excel | H95: 250 | I95: 50 | J95: pond | K95: satisfied | M95: 50
A96: 7 | B96: Jefferson Enad | C96: Male | D96: Caluwasan | E96: Clarin | G96: Excel | H96: 200 | I96: 40 | J96: pond | K96: satisfied | M96: 40
A97: 7 | B97: Alberto Belamia | C97: Male | D97: Danahaw | E97: Clarin | G97: Excel | H97: 200 | I97: 40 | J97: pond | K97: satisfied | M97: 40
A98: 7 | B98: Petronio Sobiono | C98: Male | D98: Cantubod | E98: Danao | G98: Excel | H98: 200 | I98: 40 | J98: pond | K98: satisfied | M98: 50
A99: 7 | B99: Carmelito Ponte | C99: Male | D99: Calangahan | E99: Sagbayan | G99: Excel | H99: 200 | I99: 40 | J99: pond | K99: satisfied | M99: 40
A100: 7 | B100: Regan Degamo | C100: Male | D100: Alegria | E100: Carmen | G100: Excel | H100: 300 | I100: 60 | J100: pond | K100: satisfied | M100: 60
...

Sheet October (Group)
A1: FORMAT LIST OF ACTUAL BENEFICIARIES
C2: Ocotber, 2020
K3: Total No. Of Beneficiaries:
K4: Male:
K5: Female:
A6: a. Groups | K6: Others:(S.C./PWD)
C7: NUMBER | F7: Contact | G7: Name of | H7: Types of Goods/Services Received | K7: DATE OF IMPLEMENTATION
A8: NAME OF LGU/ASSOCIATION | C8: OF | D8: BARANGAY | E8: MUNICIPALITY | F8: No./Email | G8: Representatives | I8: QUANTITY | J8: COST('000)
C9: MEMBERS | F9: Address (if | G9: who received | H9: Type/Species | I9: RECEIVED | K9: TYPE | L9: SATISFIED/
F10: any) | I10: (Unit/kg/pcs. | L10: NOT SATISFIED
A11: DATE
A12: 14 | B12: PFO - Bohol | E12: Tagbilaran | G12: Victor Doblas | H12: Excel | I12: 10000 | J12: dispersal | L12: satisfied
A13: 17 | B13: LGU - Ubay | D13: San Pascual | E13: Ubay | G13: Manolito Basilad | H13: Excel | I13: 5000 | J13: dispersal | L13: satisfied
A14: 20 | B14: PFO - Bohol | E14: Tagbilaran | G14: Victor Doblas | H14: Excel | I14: 35000 | J14: dispersal | L14: satisfied
A15: 20 | B15: PFO - Bohol | E15: Tagbilaran | G15: Victor Doblas | H15: Excel Breeders | I15: 250 | J15: dispersal | L15: satisfied
A16: 22 | B16: LGU - Candijay | D16: Cogtong | E16: Candijay | G16: Lesvin Lasit | H16: Excel Breeders | I16: 180 | J16: dispersal | L16: satisfied
A17: 23 | B17: OPA (Office of the Provincial Agriculture) - Bohol | D17: BISU | E17: Bilar | G17: Renante Subingsubing | H17: Excel Breeders | I17: 100 | J17: dispersal | L17: satisfied
A18: 26 | B18: PFO - Bohol | E18: Tagbilaran | G18: Rey Hongayo | H18: Excel | I18: 3000 | J18: dispersal | L18: satisfied
A19: 27 | B19: LGU - Jagna | E19: Jagna | G19: Roderick Vertudaso | H19: Excel | I19: 12000 | J19: dispersal | L19: satisfied
A20: 28 | B20: LGU-Trinidad | D20: Poblacion | E20: Trinidad | G20: Jaypee Celocia | H20: Excel | I20: 13500 | J20: dispersal | L20: satisfied
J23: SUMMARY:
B25: Prepared and Submitted by: | E25: Noted by: | J25: Coordinating Office:
K26: 78,500 pcs. (Tilapia Fry/Fingerlings)
K27: 530 pcs (Tilapia Breeders)
B28: GAYMELO Y. LOPEZ | E28: MARIO N. RUINATA, Ph. D.
B29: AQUA II/OIC- Center Chief | E29: Research, Development & Extension Coordinating Office

Sheet November 2020
A1: FORMAT LIST OF ACTUAL BENEFICIARIES
B2: November, 2020
J3: Total No. Of Beneficiaries:
J4: Male:
J5: Female:
A6: a. Individuals | J6: Others:(S.C./PWD)
F7: Types of Goods/Services Received | J7: DATE OF IMPLEMENTATION
A8: NAME OF BENEFICIARIES | C8: GENDER | D8: BARANGAY | E8: MUNICIPALITY | F8: Contact No./Email | H8: QUANTITY | I8: COST('000)
F9: Address(if any) | G9: Type/Species | H9: RECEIVED | J9: TYPE | K9: SATISFIED/
H10: (Unit/kg/pcs.) | K10: NOT SATISFIED
A11: DATE
A12: 3 | B12: Cris Doria | C12: Male | D12: Zamora | E12: Bilar | G12: KoiCarp | H12: 900 | I12: 2700 | J12: pond | K12: satisfied
A13: 3 | B13: Rustico Bitasolo | C13: Male | D13: Buenavista | E13: Carmen | G13: Excel | H13: 5000 | I13: 1000 | J13: pond | K13: satisfied | M13: 1000
A14: 3 | B14: Joseph Cadenas | C14: Male | D14: Babag | E14: Dagohoy | G14: Excel | H14: 1000 | I14: 200 | J14: pond | K14: satisfied | M14: 300
A15: 3 | B15: Rogelio Cadenas | C15: Male | D15: Babag | E15: Dagohoy | G15: Excel | H15: 1000 | I15: 200 | J15: pond | K15: satisfied | M15: 300
A16: 3 | B16: Isagani Divinagracia | C16: Male | D16: Dagnawan | E16: Sagbayan | G16: Excel | H16: 750 | I16: 150 | J16: pond | K16: satisfied | M16: 210
A17: 3 | B17: Henry Anino | C17: Male | D17: Monrevideo | E17: Carmen | G17: Excel | H17: 500 | I17: 100 | J17: pond | K17: satisfied | M17: 100
A18: 3 | B18: Victor Infesto | C18: Male | D18: Bacani | E18: Clarin | G18: Excel | H18: 500 | I18: 100 | J18: pond | K18: satisfied | M18: 25
A19: 3 | B19: Roy Agad | C19: Male | D19: Poblacion | E19: Catigbian | G19: Excel | H19: 500 | I19: 100 | J19: pond | K19: satisfied | M19: 120
A20: 3 | B20: Chito Peteros | C20: Male | D20: Triple Union | E20: Catigbian | G20: Excel | H20: 500 | I20: 100 | J20: pond | K20: satisfied | M20: 100
A21: 3 | B21: Rommel Serna | C21: Male | D21: Catigbian | E21: Buenavista | G21: Excel | H21: 500 | I21: dispersal | J21: pond | K21: satisfied | M21: 500
G22: Excel | H22: 500 | I22: 100
A23: 3 | B23: Angelo Yabot | C23: Male | D23: Liboron | E23: Catigbian | G23: Excel | H23: 500 | I23: 100 | J23: pond | K23: satisfied | M23: 150
A24: 3 | B24: Lemuel Brina | C24: Male | D24: Candabong | E24: Loboc | G24: Excel | H24: 800 | I24: 160 | J24: pond | K24: satisfied | M24: 150
A25: 3 | B25: Reynaldo Enad | C25: Male | D25: Dagohoy | E25: Inabanga | G25: KoiCarp | H25: 200 | I25: 1000 | J25: pond | K25: satisfied
A26: 3 | B26: Guillermo Nangka | C26: Male | D26: Banlasan | E26: Calape | G26: KoiCarp | H26: 40 | I26: 200 | J26: pond | K26: satisfied
A27: 3 | B27: Alixes Rasonable | C27: Male | D27: Pob. West | E27: Catigbian | G27: Excel | H27: 100 | I27: 20 | J27: pond | K27: satisfied
A28: 3 | B28: Alixes Rasonable | C28: Male | D28: Pob. West | E28: Catigbian | G28: KoiCarp | H28: 130 | I28: 390 | J28: pond | K28: satisfied
A29: 3 | B29: James Sabijon | C29: Male | D29: Poblacion | E29: Danao | G29: KoiCarp | H29: 50 | I29: 150 | J29: pond | K29: satisfied
A30: 3 | B30: Ernesto Batolanon | C30: Male | D30: Hagbuaya | E30: Catigbian | G30: Excel | H30: 1000 | I30: 200 | J30: pond | K30: satisfied | M30: 200
A31: 3 | B31: Ernesto Batolanon | C31: Male | D31: Hagbuaya | E31: Catigbian | G31: KoiCarp | H31: 50 | I31: 250 | J31: pond | K31: satisfied
A32: 3 | B32: Mark Cabulao | C32: Male | D32: Baang | E32: Catigbian | G32: KoiCarp | H32: 40 | I32: 120 | J32: pond | K32: satisfied
A33: 3 | B33: Reynan Petalcorin | C33: Male | D33: Hibale | E33: Danao | G33: Excel | H33: 200 | I33: 40 | J33: pond | K33: satisfied | M33: 50
A34: 3 | B34: Reynan Petalcorin | C34: Male | D34: Hibale | E34: Danao | G34: KoiCarp | H34: 4 | I34: 20 | J34: pond | K34: satisfied
A35: 3 | B35: John Ralp Melo | C35: Male | D35: Nueva Vida Sur | E35: Carmen | G35: KoiCarp | H35: 15 | I35: 45 | J35: pond | K35: satisfied
A36: 3 | B36: John Lee Banghanoy | C36: Male | D36: Kagawasan | E36: Sagbayan | G36: SwordTail | H36: 16 | I36: 48 | J36: pond | K36: satisfied
A37: 3 | B37: Keith Anthony Yu | C37: Male | D37: Calangaman | E37: Ubay | G37: KoiCarp | H37: 200 | I37: 1000 | J37: pond | K37: satisfied
A38: 3 | B38: Keith Anthony Yu | C38: Male | D38: Calangaman | E38: Ubay | G38: SwordTail | H38: 50 | I38: 150 | J38: pond | K38: satisfied
A39: 3 | B39: Keith Anthony Yu | C39: Male | D39: Calangaman | E39: Ubay | G39: BlackMolly | H39: 20 | I39: 60 | J39: pond | K39: satisfied
A40: 3 | B40: Jenefer Bituin | C40: Female | D40: BISU | E40: Calape | G40: Excel | H40: 1810 | I40: dispersal | J40: pond | K40: satisfied | M40: 200
A41: 3 | B41: Jenefer Bituin | C41: Female | D41: BISU | E41: Calape | G41: KoiCarp | H41: 120 | I41: 600 | J41: pond | K41: satisfied
A42: 4 | B42: Monalisa Cosenas | C42: Female | D42: BISU | E42: Calape | G42: KoiCarp | H42: 200 | I42: dispersal | J42: research | K42: satisfied
A43: 4 | B43: Ideza Calimbo | C43: Female | D43: BISU | E43: Calape | G43: KoiCarp | H43: 200 | I43: dispersal | J43: research | K43: satisfied
A44: 4 | B44: Lilian Guitguitan | C44: Female | D44: Cabudburan | E44: Calape | G44: KoiCarp | H44: 40 | I44: 120 | J44: pond | K44: satisfied
A45: 4 | B45: Joven Libot | C45: Male | D45: Montesuerte | E45: Carmen | G45: Excel | H45: 6000 | I45: 1200 | J45: pond | K45: satisfied | M45: 1200
A46: 4 | B46: Alberto Tulop Jr. | C46: Male | D46: Hanopol | E46: Balilihan | G46: KoiCarp | H46: 30 | I46: 150 | J46: pond | K46: satisfied
A47: 4 | B47: Alfredo Flores | C47: Male | D47: Anislag | E47: Corella | G47: Excel | H47: 200 | I47: 40 | J47: pond | K47: satisfied | M47: 50
A48: 4 | B48: Alexander Logroño | C48: Male | D48: Baluarte | E48: Buenavista | G48: Excel | H48: 1000 | I48: 200 | J48: pond | K48: satisfied | M48: 200
A49: 4 | B49: Divina Lumayag | C49: Female | D49: U-og | E49: Inabanga | G49: Excel | H49: 300 | I49: 60 | J49: pond | K49: satisfied | M49: 60
A50: 4 | B50: Gilly Suarez | C50: Male | D50: Cang-iras | E50: Catigbian | G50: Excel | H50: 100 | I50: 20 | J50: pond | K50: satisfied | M50: 25
A51: 4 | B51: Jumar Paler | C51: Male | D51: Tinago | E51: Dawis | G51: Excel | H51: 300 | I51: 60 | J51: pond | K51: satisfied | M51: 60
A52: 4 | B52: Alex Auxtero | C52: Male | D52: Balintawak | E52: Talibon | G52: Excel | H52: 1400 | I52: 280 | J52: pond | K52: satisfied | M52: 300
A53: 4 | B53: Luel Estillore | C53: Male | D53: Caluwasan | E53: Clarin | G53: Excel | H53: 3000 | I53: 600 | J53: pond | K53: satisfied | M53: 600
A54: 4 | B54: Esmeraldo Tiongson | C54: Male | D54: El Progreso | E54: Carmen | G54: Excel | H54: 1000 | I54: 200 | J54: pond | K54: satisfied | M54: 200
A55: 5 | B55: Niño Balala | C55: Male | D55: Cabad | E55: Balilihan | G55: Excel | H55: 500 | I55: 100 | J55: pond | K55: satisfied | M55: 100
A56: 5 | B56: Jerald Compasion | C56: Male | D56: San Agustin | E56: Sagbayan | G56: Excel | H56: 200 | I56: 40 | J56: pond | K56: satisfied | M56: 100
A57: 5 | B57: Keno Montealto | C57: Male | D57: Poblacion | E57: San Isidro | G57: Excel | H57: 300 | I57: 60 | J57: pond | K57: satisfied | M57: 50
A58: 5 | B58: Elsa Batingal | C58: Female | D58: Patrocinio | E58: Cortes | G58: Excel | H58: 1000 | I58: 200 | J58: pond | K58: satisfied | M58: 300
A59: 5 | B59: Renante Baes | C59: Male | D59: Quirino | E59: Batuan | G59: Excel | H59: 500 | I59: 100 | J59: pond | K59: satisfied | M59: 400
A60: 5 | B60: Julieto Ceniza | C60: Male | D60: Quirino | E60: Batuan | G60: Excel | H60: 500 | I60: 100 | J60: pond | K60: satisfied
A61: 5 | B61: Ignacio Talo | C61: Male | D61: Camias | E61: Calape | G61: Excel | H61: 800 | I61: 160 | J61: pond | K61: satisfied | M61: 48
A62: 5 | B62: Sergio Inferido | C62: Male | D62: Tuntonan | E62: Clarin | G62: Excel | H62: 3000 | I62: 600 | J62: pond | K62: satisfied | M62: 500
A63: 5 | B63: Felipe Astronomo | C63: Male | D63: Camanaga | E63: San Miguel | G63: Excel | H63: 500 | I63: 100 | J63: pond | K63: satisfied | M63: 800
A64: 5 | B64: Jimmy Leonar | C64: Male | D64: Caluwasab | E64: Clarin | G64: Excel | H64: 10000 | I64: 2000 | J64: pond | K64: satisfied | M64: 2000
A65: 5 | B65: Bernard Vaño | C65: Male | D65: Bogtongbod | E65: Clarin | G65: Excel | H65: 1000 | I65: dispersal | J65: pond | K65: satisfied | M65: 200
A66: 5 | B66: Cepriano Bautista | C66: Male | D66: Lapacan Sur | E66: Buenavista | G66: Excel | H66: 1500 | I66: dispersal | J66: pond | K66: satisfied | M66: 400
A67: 5 | B67: Nemia Josol | C67: Female | D67: Lucob | E67: Calape | G67: KoiCarp | H67: 50 | I67: 150 | J67: pond | K67: satisfied
A68: 5 | B68: Nemia Josol | C68: Female | D68: Lucob | E68: Calape | G68: SwordTail | H68: 50 | I68: 150 | J68: pond | K68: satisfied
A69: 6 | B69: Junbert Godes | C69: Male | D69: Tambook | E69: Inabanga | G69: Excel | H69: 400 | I69: 80 | J69: pond | K69: satisfied | M69: 80
A70: 6 | B70: Jerry Enzo | C70: Male | D70: Mantalongon | E70: Sagbayan | G70: Excel | H70: 250 | I70: 50 | J70: pond | K70: satisfied | M70: 50
A71: 6 | B71: Conceso Lauit | C71: Male | D71: Bogtongbod | E71: Clarin | G71: Excel | H71: 1000 | I71: 200 | J71: pond | K71: satisfied | M71: 150
A72: 6 | B72: Servando Tuzon | C72: Male | D72: Bagumbayan | E72: Pilar | G72: Excel | H72: 500 | I72: dispersal | J72: pond | K72: satisfied | M72: 500
A73: 6 | B73: Servando Tuzon | C73: Male | D73: Bagumbayan | E73: Pilar | G73: Excel | H73: 2000 | I73: 400 | J73: pond | K73: satisfied
A74: 6 | B74: Myrna Hencianos | C74: Female | D74: Poblacion | E74: San Miguel | G74: Excel | H74: 3000 | I74: 600 | J74: pond | K74: satisfied | M74: 600
A75: 6 | B75: Liandro Rabi | C75: Male | D75: Inaghuban | E75: Pilar | G75: Excel | H75: 3000 | I75: 600 | J75: pond | K75: satisfied | M75: 600
A76: 6 | B76: Mary Magdalen Calipes | C76: Female | D76: Montesuerte | E76: Carmen | G76: Excel | H76: 2000 | I76: 400 | J76: pond | K76: satisfied | M76: 400
A77: 6 | B77: Saturnino Ore | C77: Male | D77: Kinan-oan | E77: Trinidad | G77: Excel | H77: 4000 | I77: 800 | J77: pond | K77: satisfied | M77: 4500
A78: 6 | B78: Jaymar Marfe | C78: Male | D78: Lomboy | E78: Inabanga | G78: Excel | H78: 1000 | I78: 200 | J78: pond | K78: satisfied | M78: 150
A79: 6 | B79: Joselito Odtohan | C79: Male | D79: Ilijan Sur | E79: Tubigon | G79: Excel | H79: 1000 | I79: 200 | J79: pond | K79: satisfied | M79: 150
A80: 6 | B80: Joseph Ian Samputon | C80: Male | D80: Nahawan | E80: Clarin | G80: Excel | H80: 500 | I80: dispersal | J80: pond | K80: satisfied | M80: 100
A81: 7 | B81: Rudy Bongato | C81: Male | D81: Villaflor | E81: Clarin | G81: Excel | H81: 400 | I81: 80 | J81: pond | K81: satisfied | M81: 150
A82: 7 | B82: Armando Anunciado | C82: Male | D82: Pooc Oriental | E82: Tubigon | G82: Excel | H82: 500 | I82: 100 | J82: pond | K82: satisfied | M82: 100
A83: 7 | B83: Jecjec Cagulang | C83: Male | D83: Pangihawan | E83: Dimiao | G83: Excel | H83: 500 | I83: 100 | J83: pond | K83: satisfied | M83: 400
A84: 7 | B84: Crysti Hansol | C84: Male | D84: Pangihawan | E84: Dimiao | G84: Excel | H84: 500 | I84: 100 | J84: pond | K84: satisfied | M84: 300
A85: 7 | B85: Marcelo Torrepalma | C85: Male | D85: San Vicente | E85: Dagohoy | G85: Excel | H85: 1500 | I85: 300 | J85: pond | K85: satisfied
A86: 7 | B86: Alex Auxterio | C86: Male | D86: Balintawak | E86: Talibon | G86: Excel | H86: 1000 | I86: 200 | J86: pond | K86: satisfied | M86: 200
A87: 7 | B87: Manuel Tabaranza | C87: Male | D87: Mahayag | E87: San Miguel | G87: Excel | H87: 2000 | I87: 400 | J87: pond | K87: satisfied | M87: 300
A88: 7 | B88: Protacio Pescones | C88: Male | D88: Katipunan | E88: Clarin | G88: Excel | H88: 800 | I88: 160 | J88: pond | K88: satisfied | M88: 100
A89: 7 | B89: Arne Carpenteros | C89: Male | D89: Tubod Dako | E89: Loon | G89: Excel | H89: 200 | I89: 40 | J89: pond | K89: satisfied | M89: 40
A90: 7 | B90: Wilson Adanza | C90: Male | E90: Dimiao | G90: Excel | H90: 2000 | I90: 400 | J90: pond | K90: satisfied | M90: 1000
A91: 8 | B91: Ben Dinoy | C91: Male | D91: Tuntonan | E91: Clarin | G91: Excel | H91: 500 | I91: 100 | J91: pond | K91: satisfied | M91: 300
A92: 8 | B92: Emmanuel Dialo | C92: Male | D92: Tuntonan | E92: Clarin | G92: Excel | H92: 500 | I92: 100 | J92: pond | K92: satisfied | M92: 150
A93: 8 | B93: Nash Aparece | C93: Male | D93: Macaas | E93: Tubigon | G93: SwordTail | H93: 20 | I93: 60 | J93: pond | K93: satisfied
A94: 8 | B94: Marcelino dela Torre | C94: Male | D94: Bonbon | E94: Clarin | G94: Excel | H94: 150 | I94: 30 | J94: pond | K94: satisfied
A95: 8 | B95: Marvin Rey Lomod | C95: Male | D95: Lapaz | E95: Carmen | G95: Excel | H95: 400 | I95: 80 | J95: pond | K95: satisfied | M95: 300
A96: 8 | B96: Jesniel Tosloc | C96: Male | D96: Poblacion | E96: Carmen | G96: Excel | H96: 200 | I96: 40 | J96: pond | K96: satisfied
A97: 8 | B97: Dionisio Juaton | C97: Male | D97: Bayongan | E97: San Miguel | G97: Excel | H97: 500 | I97: 100 | J97: pond | K97: satisfied | M97: 150
A98: 8 | B98: Presco Alvar | C98: Male | D98: Cahayag | E98: Tubigon | G98: Excel | H98: 500 | I98: 100 | J98: pond | K98: satisfied
A99: 8 | B99: Presco Alvar | C99: Male | D99: Cahayag | E99: Tubigon | G99: SwordTail | H99: 50 | I99: 150
A100: 8 | B100: Benecio Rosello Sr. | C100: Male | D100: Cagawasan | E100: Pilar | G100: Excel | H100: 1000 | I100: 200 | J100: pond | K100: satisfied | M100: 300
...

Sheet November (Group)
A1: FORMAT LIST OF ACTUAL BENEFICIARIES
C2: November, 2020
K3: Total No. Of Beneficiaries:
K4: Male:
K5: Female:
A6: a. Groups | K6: Others:(S.C./PWD)
C7: NUMBER | F7: Contact | G7: Name of | H7: Types of Goods/Services Received | K7: DATE OF IMPLEMENTATION
A8: NAME OF LGU/ASSOCIATION | C8: OF | D8: BARANGAY | E8: MUNICIPALITY | F8: No./Email | G8: Representatives | I8: QUANTITY | J8: COST('000)
C9: MEMBERS | F9: Address (if | G9: who received | H9: Type/Species | I9: RECEIVED | K9: TYPE | L9: SATISFIED/
F10: any) | I10: (Unit/kg/pcs. | L10: NOT SATISFIED
A11: DATE
A12: 3 | B12: LGU - Dimiao | E12: Dimiao | G12: Joselito Salvacion | H12: Excel | I12: 4500 | J12: dispersal | K12: SAAD | L12: satisfied
A13: 6 | B13: LGU - Ubay | E13: Ubay | G13: Windyl Mejias | H13: Excel | I13: 7500 | J13: dispersal | K13: TARGET | L13: satisfied
A14: 6 | B14: PFO CEBU | E14: CEBU | G14: Edgar Delfin | H14: Excel | I14: 60000 | J14: dispersal | L14: satisfied
A15: 6 | B15: BFAR - 7, LDFF | D15: Camotes Island | E15: CEBU | G15: Expedito Otida | H15: Excel Breeders | I15: 8200 | J15: dispersal | L15: satisfied
A16: 7 | B16: LGU - Sierra Bullones | D16: Villa Garcia | E16: Sierra Bullones | G16: Maretsam Miculob | H16: Excel | I16: 10500 | J16: dispersal | K16: TARGET & SAAD | L16: satisfied
A17: 13 | B17: BISU - Calape Campus | E17: Calape | G17: Isabel Destor | H17: Common carp | I17: 115 | J17: dispersal | L17: satisfied
A18: 13 | B18: LGU - Catigbian | E18: Catigbian | G18: Emma Merano | H18: Excel | I18: 7500 | J18: dispersal | K18: TARGET | L18: satisfied
A19: 13 | B19: LGU - Maribojoc | E19: Maribojoc | G19: Faith Angelie Inot | H19: Excel | I19: 7500 | J19: dispersal | K19: TARGET | L19: satisfied
A20: 13 | B20: IA - Danao Lake Irrigators Association Inc. | D20: Matin-ao | E20: Sierra Bullones | G20: Medardo Digal | H20: Excel | I20: 5000 | J20: dispersal | K20: TARGET | L20: satisfied
A21: 13 | B21: LGU - Bilar | E21: Bilar | G21: Renerio Tejada | H21: Excel | I21: 9000 | J21: dispersal | K21: TARGET & SAAD | L21: satisfied
A22: 14 | B22: LGU - Batuan | E22: Batuan | G22: Antonino Pancho | H22: Excel | I22: 9000 | J22: dispersal | K22: TARGET | L22: satisfied
A23: 20 | B23: PFO - Bohol | E23: Tagbilaran | G23: Candido Samijon | H23: Excel | I23: 4900 | J23: dispersal | K23: SAAD | L23: satisfied
J28: SUMMARY:
B30: Prepared and Submitted by: | E30: Noted by: | J30: Coordinating Office:
K31: 78,500 pcs. (Tilapia Fry/Fingerlings)
K32: 530 pcs (Tilapia Breeders)
B33: GAYMELO Y. LOPEZ | E33: MARIO N. RUINATA, Ph. D.
B34: AQUA II/OIC- Center Chief | E34: Research, Development & Extension Coordinating Office

Sheet December 2020
A1: FORMAT LIST OF ACTUAL BENEFICIARIES
B2: December, 2020
J3: Total No. Of Beneficiaries:
J4: Male:
J5: Female:
A6: a. Individuals | J6: Others:(S.C./PWD)
F7: Types of Goods/Services Received | J7: DATE OF IMPLEMENTATION
A8: NAME OF BENEFICIARIES | C8: GENDER | D8: BARANGAY | E8: MUNICIPALITY | F8: Contact No./Email | H8: QUANTITY | I8: COST('000)
F9: Address(if any) | G9: Type/Species | H9: RECEIVED | J9: TYPE | K9: SATISFIED/
H10: (Unit/kg/pcs.) | K10: NOT SATISFIED
A11: DATE
A12: 1 | B12: Fe Aimee Betaizar | C12: Female | D12: Poblacion | E12: Danao | F12: 09463684202 | G12: Excel | H12: 2000 | I12: 400 | J12: pond | K12: satisfied | M12: 440
A13: 1 | B13: Anale Cabudbud | C13: Female | D13: Montevideo | E13: Carmen | F13: 09306735082 | G13: Excel | H13: 500 | I13: 100 | J13: pond | K13: satisfied | M13: 150
A14: 1 | B14: Felixis Solijon | C14: Male | D14: New Lourdes | E14: Cortes | F14: 09355476127 | G14: Excel | H14: 500 | I14: 100 | J14: pond | K14: satisfied
A15: 1 | B15: Elixar Bagsarsa | C15: Male | D15: Londag | E15: Pilar | F15: 09485457023 | G15: Excel | H15: 200 | I15: 40 | J15: pond | K15: satisfied
A16: 1 | B16: Jojo Oronan | C16: Male | D16: Poblacion | E16: Clarin | F16: 09303830667 | G16: Excel | H16: 250 | I16: 50 | J16: pond | K16: satisfied
A17: 1 | B17: Eutemia Silagan | C17: Female | D17: Taloto | E17: Tagbilaran | F17: 09096377296 | G17: Excel | H17: 200 | I17: 40 | J17: pond | K17: satisfied
A18: 1 | B18: Elesio Mejorada | C18: Male | D18: Sta. Fe | E18: Danao | F18: 09639002041 | G18: Excel | H18: 150 | I18: 30 | J18: pond | K18: satisfied
A19: 1 | B19: Sheilla Casol | C19: Female | D19: Sta. Cruz | E19: Sagbayan | F19: 09469090904 | G19: Excel | H19: 500 | I19: 100 | J19: pond | K19: satisfied | M19: 100
A20: 1 | B20: John Carl Briones | C20: Male | D20: Canmaya Centro | E20: Sagbayan | F20: 09461643316 | G20: Excel | H20: 350 | I20: 70 | J20: pond | K20: satisfied | M20: 50
A21: 1 | B21: Marcelino Bague | C21: Male | D21: Catmonan | E21: Calape | F21: 09385984916 | G21: Excel | H21: 150 | I21: dispersal | J21: pond | K21: satisfied | P21: =SUM(H12:H20,H24,H26) -> 20650
A22: 1 | B22: Marcelino Bague | C22: Male | D22: Catmonan | E22: Calape | F22: 09385984917 | G22: KoiCarp | H22: 15 | I22: dispersal | J22: pond | K22: satisfied | P22: =SUM(H21,H23) -> 350
A23: 1 | B23: Peter John Sesnorio | C23: Male | D23: Basdio | E23: Loon | F23: 09481311043 | G23: Excel | H23: 200 | I23: dispersal | J23: pond | K23: satisfied | M23: 50 | P23: 20
A24: 1 | B24: Zenaida Dalagan | C24: Female | D24: Zamora | E24: Bilar | F24: 09512356451 | G24: Excel | H24: 6000 | I24: 1200 | J24: pond | K24: satisfied | M24: 1000 | P24: =SUM(P21:P23) -> 21020
A25: 1 | B25: Zenaida Dalagan | C25: Female | D25: Zamora | E25: Bilar | F25: 09512356452 | G25: KoiCarp | H25: 5 | I25: 100 | J25: pond | K25: satisfied
A26: 1 | B26: Peregrina Aumentado | C26: Female | D26: Cogon District | E26: Tagbilaran | G26: Excel | H26: 10000 | I26: 2000 | J26: pond | K26: satisfied | M26: 1000
A27: 2 | B27: Joneray Gonzaga | C27: Male | D27: Maitum | E27: Catigbian | F27: 09204585887 | G27: Excel | H27: 500 | I27: 100 | J27: pond | K27: satisfied | M27: 200
A28: 2 | B28: Charito Pigte | C28: Male | D28: Poblacion | E28: Sagbayan | F28: 09083110231 | G28: Excel | H28: 500 | I28: 100 | J28: pond | K28: satisfied | M28: 100
A29: 2 | B29: Victoriano Sambayon | C29: Male | D29: Poblacion | E29: San Isidro | F29: 09308793038 | G29: Excel | H29: 500 | I29: 100 | J29: pond | K29: satisfied | M29: 300
A30: 2 | B30: Charlie James Lasconia | C30: Male | D30: Ubujan | E30: Inabanga | F30: 09270778909 | G30: Excel | H30: 500 | I30: 100 | J30: pond | K30: satisfied | M30: 150
A31: 2 | B31: Jovelie Fuentes | C31: Male | D31: Baluarte | E31: Buenavista | F31: 09564859788 | G31: Excel | H31: 500 | I31: 100 | J31: pond | K31: satisfied | M31: 150
A32: 2 | B32: Mark Casol | C32: Male | D32: Sta. Cruz | E32: Sagbayan | G32: Excel | H32: 500 | I32: 100 | J32: pond | K32: satisfied
A33: 2 | B33: Junryl Soliano | C33: Male | D33: Calangahan | E33: Sagbayan | G33: Excel | H33: 200 | I33: 40 | J33: pond | K33: satisfied
A34: 2 | B34: Jovan Suaybagiou | C34: Male | D34: Rizal | E34: Catigbian | G34: Excel | H34: 300 | I34: 60 | J34: pond | K34: satisfied
A35: 3 | B35: Edwin Euderes | C35: Male | D35: Cagawasan | E35: Sagbayan | G35: Excel | H35: 500 | I35: 100 | J35: pond | K35: satisfied | M35: 150
A36: 3 | B36: Marlon Mariquet | C36: Male | D36: Bogtongbod | E36: Clarin | G36: Excel | H36: 500 | I36: 100 | J36: pond | K36: satisfied | M36: 300
A37: 3 | B37: Reyna Trazo | C37: Female | D37: Poblacion | E37: Danao | F37: 09517130198 | G37: Excel | H37: 500 | I37: 100 | J37: pond | K37: satisfied
A38: 3 | B38: Meniez Torregosa | C38: Male | D38: Poblacion | E38: Danao | G38: Excel | H38: 500 | I38: 100 | J38: pond | K38: satisfied
A39: 3 | B39: Amdronico Orevillo | C39: Male | D39: Hinlayagan | E39: Trinidad | F39: 09338690697 | G39: Excel | H39: 2000 | I39: 400 | J39: pond | K39: satisfied
A40: 4 | B40: Vevencio Juyad | C40: Male | D40: Ducita | E40: Sierra Bullones | G40: Excel | H40: 500 | I40: dispersal | J40: pond | K40: satisfied | M40: 100
A41: 4 | B41: Roland Bayron | C41: Male | D41: Ducita | E41: Sierra Bullones | G41: Excel | H41: 500 | I41: dispersal | J41: pond | K41: satisfied | M41: 100
A42: 4 | B42: Christian Buton | C42: Male | D42: Cabog | E42: Clarin | F42: 09055591347 | G42: Excel | H42: 500 | I42: 100 | J42: pond | K42: satisfied | M42: 400
A43: 4 | B43: Roel Yabo | C43: Male | D43: Triple Union | E43: Catigbian | F43: 09291398613 | G43: Excel | H43: 500 | I43: 100 | J43: pond | K43: satisfied | M43: 150
A44: 7 | B44: Jiejo Diano | C44: Male | D44: Mahayag Sur | E44: Catigbian | F44: 09092255699 | G44: Excel | H44: 1000 | I44: 200 | J44: pond | K44: satisfied | M44: 600
A45: 7 | B45: Angelito Amarille | C45: Male | D45: Mataub | E45: Clarin | F45: 09092923139 | G45: Excel | H45: 300 | I45: 60 | J45: pond | K45: satisfied | M45: 50
A46: 7 | B46: John Bryan Namuag | C46: Male | D46: San Isidro | E46: Tagbilaran | F46: 09483510115 | G46: Excel | H46: 300 | I46: 60 | J46: pond | K46: satisfied
A47: 7 | B47: Rufino Paragoso | C47: Male | D47: Causwagan | E47: Trinidad | F47: 09497931330 | G47: Excel | H47: 500 | I47: 100 | J47: pond | K47: satisfied | M47: 100
A48: 7 | B48: Emeliza Nogalada | C48: Female | D48: La Paz | E48: Carmen | F48: 09300913024 | G48: Excel | H48: 500 | I48: 100 | J48: pond | K48: satisfied | M48: 100
A49: 7 | B49: Jose Bongator | C49: Male | D49: San Jose | E49: Talibon | F49: 09205150492 | G49: Excel | H49: 10000 | I49: 2000 | J49: pond | K49: satisfied | M49: 5000
A50: 7 | B50: Carlydon Calderon | C50: Male | D50: Bogtongbod | E50: Clarin | F50: 09505053735 | G50: Excel | H50: 500 | I50: 100 | J50: pond | K50: satisfied | M50: 150
A51: 7 | B51: Claire Requirme | C51: Female | D51: Cantuyoc | E51: Clarin | F51: 09753880237 | G51: Excel | H51: 500 | I51: 100 | J51: pond | K51: satisfied | M51: 100
A52: 7 | B52: Claire Requirme | C52: Female | D52: Cantuyoc | E52: Clarin | F52: 09753880238 | G52: SwordTail | H52: 33 | I52: 99 | J52: pond | K52: satisfied
A53: 7 | B53: Jolito Miano | C53: Male | D53: Kagawasan | E53: Sagbayan | G53: Excel | H53: 10000 | I53: 2000 | J53: pond | K53: satisfied | M53: 2500
A54: 7 | B54: Nicanor Bitasolo | C54: Male | D54: Kagawasan | E54: Sagbayan | F54: 09512350064 | G54: Excel | H54: 1500 | I54: dispersal | J54: pond | K54: satisfied | M54: 2500
A55: 7 | B55: Wencislao Niones | C55: Male | D55: Poblacion Norte | E55: Clarin | F55: 09169737535 | G55: Excel | H55: 7500 | I55: dispersal | J55: pond | K55: satisfied | M55: 1500
A56: 7 | B56: Alfie Basmayor | C56: Male | D56: Nahawan | E56: Clarin | G56: SwordTail | H56: 30 | I56: 90 | J56: pond | K56: satisfied
A57: 7 | B57: Norman Cortejos | C57: Male | D57: Danahaw | E57: Clarin | F57: 09098931067 | G57: Excel | H57: 200 | I57: 40 | J57: pond | K57: satisfied | M57: 60
A58: 7 | B58: Al Gujol | C58: Male | D58: Sta. Cruz | E58: Calape | F58: 09206099078 | G58: SwordTail | H58: 30 | I58: 90 | J58: pond | K58: satisfied
A59: 8 | B59: Elverio Maglajos | C59: Male | D59: Poblacion Norte | E59: Catigbian | G59: Excel | H59: 6500 | I59: 1300 | J59: pond | K59: satisfied
A60: 8 | B60: Gregorio Refugio | C60: Male | D60: Cagawasan | E60: San Miguel | F60: 09283135701 | G60: Excel | H60: 500 | I60: 100 | J60: pond | K60: satisfied | M60: 150
A61: 8 | B61: Christian Suarez | C61: Male | D61: San Agustin | E61: Sagbayan | G61: Excel | H61: 500 | I61: 100 | J61: pond | K61: satisfied
A62: 8 | B62: Johnson Salem | C62: Male | D62: Poblacion West | E62: Catigbian | F62: 0909954039 | G62: Excel | H62: 1500 | I62: dispersal | J62: pond | K62: satisfied | M62: 150
A63: 9 | B63: Glenn Abrau | C63: Male | D63: San Vicente | E63: San Miguel | F63: 09120150683 | G63: Excel | H63: 10000 | I63: 2000 | J63: pond | K63: satisfied | M63: 2000
A64: 9 | B64: Carlydon Calderon | C64: Male | D64: Bogtongbod | E64: Clarin | F64: 09505053735 | G64: Excel | H64: 500 | I64: 100 | J64: pond | K64: satisfied
A65: 9 | B65: Danyboy Adlaon | C65: Male | D65: La Paz | E65: Carmen | F65: 09123297586 | G65: Excel | H65: 150 | I65: 30 | J65: pond | K65: satisfied
A66: 9 | B66: Margarita Milla | C66: Female | D66: Ma. Rosario | E66: Inabanga | F66: 09067200185 | G66: SwordTail | H66: 30 | I66: 90 | J66: pond | K66: satisfied
A67: 9 | B67: Wilfredo Linogao | C67: Male | D67: Nueva Vida | E67: Carmen | F67: 09487316281 | G67: Excel | H67: 500 | I67: 100 | J67: pond | K67: satisfied | M67: 100
A68: 9 | B68: Roel Linogao | C68: Male | D68: Nueva Vida | E68: Carmen | G68: Excel | H68: 500 | I68: 100 | J68: pond | K68: satisfied | M68: 100
A69: 9 | B69: Michael Comaling | C69: Male | D69: Estaca | E69: Pilar | F69: 09306379569 | G69: Excel | H69: 500 | I69: 100 | J69: pond | K69: satisfied | M69: 100
A70: 9 | B70: Arnel Ampo | C70: Male | D70: Estaca | E70: Pilar | F70: 09462162132 | G70: Excel | H70: 500 | I70: 100 | J70: pond | K70: satisfied | M70: 150
A71: 9 | B71: Lenny Caldoza | C71: Male | D71: La Libertad | E71: Carmen | F71: 09399282972 | G71: Excel | H71: 1200 | I71: 240 | J71: pond | K71: satisfied
A72: 9 | B72: Ronel Odtohan | C72: Male | D72: La Libertad | E72: Carmen | F72: 09308257584 | G72: Excel | H72: 500 | I72: dispersal | J72: pond | K72: satisfied | M72: 100
A73: 9 | B73: Ronel Odtohan | C73: Male | D73: La Libertad | E73: Carmen | F73: 09308257585 | G73: Excel | H73: 500 | I73: 100 | J73: pond | K73: satisfied
A74: 9 | B74: Rolando Manatad | C74: Male | D74: Katipunan | E74: Sagbayan | G74: Excel | H74: 3500 | I74: 700 | J74: pond | K74: satisfied | M74: 160
A75: 9 | B75: Isagani Flores | C75: Male | D75: Rizal | E75: Talibon | F75: 09099869724 | G75: Excel | H75: 500 | I75: 100 | J75: pond | K75: satisfied | M75: 150
A76: 10 | B76: Michael Mundal | C76: Male | D76: Kauswagan | E76: Trinidad | F76: 09302485597 | G76: Excel | H76: 30000 | I76: 6000 | J76: pond | K76: satisfied | M76: 5000
A77: 10 | B77: Ruben Auntentico | C77: Male | D77: Hinlayagan | E77: Trinidad | F77: 09095525597 | G77: Excel | H77: 35000 | I77: 7000 | J77: pond | K77: satisfied | M77: 10000
A78: 10 | B78: Daniel Piezas | C78: Male | D78: Bonbon | E78: Clarin | F78: 09498542951 | G78: Excel | H78: 1000 | I78: 200 | J78: pond | K78: satisfied
A79: 10 | B79: Christian Cubos | C79: Male | D79: Hanopol | E79: Balilihan | F79: 09508195265 | G79: Excel | H79: 1000 | I79: 200 | J79: pond | K79: satisfied
A80: 10 | B80: Ruel Batausa | C80: Male | D80: Cabulijan | E80: Tubigon | F80: 09297556538 | G80: Excel | H80: 500 | I80: 100 | J80: pond | K80: satisfied
A81: 10 | B81: Julito Miano | C81: Male | D81: Kagawasan | E81: Sagbayan | F81: 09512350064 | G81: Excel | H81: 2000 | I81: 400 | J81: pond | K81: satisfied
A82: 10 | B82: Jayson Gudarido | C82: Male | D82: Caluwasan | E82: Clarin | F82: 09482222418 | G82: KoiCarp | H82: 10 | I82: 50 | J82: pond | K82: satisfied
A83: 10 | B83: Gualberto Melencion | C83: Male | D83: Magkaya | E83: Buenavista | F83: 09262233580 | G83: Excel | H83: 2500 | I83: dispersal | J83: pond | K83: satisfied | M83: 2500
A84: 10 | B84: Gualberto Melencion | C84: Male | D84: Magkaya | E84: Buenavista | F84: 09262233581 | G84: Ulang | H84: 2000 | I84: dispersal | J84: pond | K84: satisfied
A85: 10 | B85: Jeremias Artiaga | C85: Male | D85: Poblacion | E85: Danao | F85: 09175166140 | G85: Excel | H85: 500 | I85: dispersal | J85: pond | K85: satisfied
A86: 11 | B86: Cris Doria | C86: Male | D86: Zamora | E86: Bilar | F86: 09198597655 | G86: Excel | H86: 10000 | I86: 2000 | J86: pond | K86: satisfied | M86: 2500
A87: 11 | B87: Jerson Atillo | C87: Male | D87: San Isidro | E87: Sagbayan | F87: 09455771429 | G87: Excel | H87: 500 | I87: 100 | J87: pond | K87: satisfied | M87: 200
A88: 11 | B88: Morigo Margarito Jr. | C88: Male | D88: Libertad | E88: Tubigon | G88: Excel | H88: 500 | I88: 100 | J88: pond | K88: satisfied
A89: 11 | B89: Alejandro Lonzaga | C89: Male | D89: Sta. Catalina | E89: Sagbayan | F89: 09478780779 | G89: Excel | H89: 100 | I89: 20 | J89: pond | K89: satisfied
A90: 11 | B90: Bonifacio Sernada | C90: Male | D90: Buenos Aires | E90: Carmen | F90: 09106226911 | G90: Excel | H90: 500 | I90: 100 | J90: pond | K90: satisfied
A91: 11 | B91: Ricky Dañas | C91: Male | D91: Concepcion | E91: Danao | F91: 09638737389 | G91: Excel | H91: 3000 | I91: 600 | J91: pond | K91: satisfied
A92: 11 | B92: Nelson Elipian | C92: Male | D92: Ubujan | E92: Inabanga | G92: Excel | H92: 500 | I92: 100 | J92: pond | K92: satisfied
A93: 11 | B93: Metodio Petalco | C93: Male | D93: Ma. Rosario | E93: Inabanga | F93: 09067050422 | G93: Excel | H93: 500 | I93: 100 | J93: pond | K93: satisfied
A94: 11 | B94: Alliord Lauronal | C94: Male | D94: Baogo | E94: Inabanga | F94: 09122590766 | G94: Excel | H94: 50 | I94: 10 | J94: pond | K94: satisfied
A95: 11 | B95: Ana Catheren Subsuban | C95: Female | D95: Poblacion | E95: Dagohoy | F95: 09155488348 | G95: Excel | H95: 500 | I95: 100 | J95: pond | K95: satisfied | M95: 80
A96: 11 | B96: Randy Exclamador | C96: Male | D96: La Hacienda | E96: Alicia | F96: 09092285471 | G96: Excel | H96: 1500 | I96: dispersal | J96: pond | K96: satisfied
A97: 11 | B97: Dario Coure | C97: Male | D97: Del Monte | E97: Alicia | F97: 09385137170 | G97: Excel | H97: 1500 | I97: dispersal | J97: pond | K97: satisfied
A98: 11 | B98: Joseph Licayan | C98: Male | D98: La Hacienda | E98: Alicia | F98: 09105006080 | G98: Excel | H98: 1500 | I98: dispersal | J98: pond | K98: satisfied
A99: 11 | B99: Nestor Ayuban | C99: Male | D99: Napo | E99: Alicia | F99: 09389021270 | G99: Excel | H99: 1500 | I99: dispersal | J99: pond | K99: satisfied
A100: 12 | B100: Roy Bahinting | C100: Male | D100: Calatrava | E100: Carmen | F100: 09534214405 | G100: Excel | H100: 5000 | I100: 1000 | J100: pond | K100: satisfied | M100: 1000
...

Sheet December (Group)
A1: FORMAT LIST OF ACTUAL BENEFICIARIES
C2: December, 2020
K3: Total No. Of Beneficiaries:
K4: Male:
K5: Female:
A6: a. Groups | K6: Others:(S.C./PWD)
C7: NUMBER | F7: Contact | G7: Name of | H7: Types of Goods/Services Received | K7: DATE OF IMPLEMENTATION
A8: NAME OF LGU/ASSOCIATION | C8: OF | D8: BARANGAY | E8: MUNICIPALITY | F8: No./Email | G8: Representatives | I8: QUANTITY | J8: COST('000)
C9: MEMBERS | F9: Address (if | G9: who received | H9: Type/Species | I9: RECEIVED | K9: TYPE | L9: SATISFIED/
F10: any) | I10: (Unit/kg/pcs. | L10: NOT SATISFIED
A11: DATE
A12: 16 | B12: Matin-ao Small Irrigation Assoc. (MSIA) | D12: Matin-ao | E12: Sierra Bullones | F12: 09108585722 | G12: Petronilo Cabulao | H12: Excel | I12: 10000 | J12: dispersal
A13: 16 | B13: LGU - Valencia | D13: Canmanico | E13: Valencia | F13: 09579315579 | G13: Jerajane Namindang | H13: Excel | I13: 7500 | J13: dispersal
J17: SUMMARY:
B19: Prepared and Submitted by: | E19: Noted by: | J19: Coordinating Office:
K20: 78,500 pcs. (Tilapia Fry/Fingerlings)
K21: 530 pcs (Tilapia Breeders)
B22: GAYMELO Y. LOPEZ | E22: MARIO N. RUINATA, Ph. D.
B23: AQUA II/OIC- Center Chief | E23: Research, Development & Extension Coordinating Office

Sheet TARGET & SAAD
A1: FEBRUARY
A2: 13 | B2: Dalfon Sentillas | C2: Male | D2: Kauswagan | E2: Trinidad | G2: Excel | H2: 6000 | I2: dispersed | J2: SAAD
G3: Excel | H3: 12000 | I3: dispersed | J3: TARGET
A4: JUNE
A5: 10 | B5: Sabino Butal | C5: Male | D5: Caluasan | E5: San Miguel | G5: Excel | H5: 1500 | I5: dispersal | J5: SAAD
A6: 3 | B6: Sto. Niño Water Impounding & Irrigators Assoc. | D6: Sto. Niño | E6: Talibon | F6: Meneo Auxtero | G6: Excel | H6: 5000 | I6: dispersal | J6: TARGET
A7: AUGUST
A8: 14 | B8: Rolando Nuez | C8: Male | D8: Hagboyo | E8: San Miguel | G8: Excel | H8: 1500 | I8: dispersal | J8: TARGET
A9: 14 | B9: Cresencio Auza | C9: Male | D9: Poblacion | E9: San Miguel | G9: Excel | H9: 1500 | I9: dispersal | J9: TARGET
A10: SEPTEMBER
A11: 14 | B11: Jacinto Agot | C11: Male | D11: Loreto | E11: Cortes | G11: Excel | H11: 1500 | I11: dispersal | J11: TARGET
A12: 24 | B12: Felix Hildero | C12: Male | D12: Villarcayo | E12: Carmen | G12: Excel | H12: 2000 | I12: dispersal | J12: SAAD
A13: 24 | B13: Arlene Cabusao | C13: Female | D13: Poblacion Sur | E13: Carmen | G13: Excel | H13: 2000 | I13: dispersal | J13: SAAD
A14: 24 | B14: Rey Anthony Malaran | C14: Male | D14: Poblacion Sur | E14: Carmen | G14: Excel | H14: 1500 | I14: dispersal | J14: TARGET
A15: 24 | B15: Placido Estillore | C15: Male | D15: Katipunan | E15: Carmen | G15: Excel | H15: 1500 | I15: dispersal | J15: TARGET
A16: 24 | B16: Erwin Orquiza | C16: Male | D16: Montesuerte | E16: Carmen | G16: Excel | H16: 1500 | I16: dispersal | J16: TARGET
A17: 24 | B17: Marcos Tagsip | C17: Male | D17: Katipunan | E17: Carmen | G17: Excel | H17: 2000 | I17: dispersal | J17: SAAD
A18: 24 | B18: Edison Torrentera | C18: Male | D18: Calatrava | E18: Carmen | G18: Excel | H18: 2000 | I18: dispersal | J18: SAAD
A19: 24 | B19: LGU - Garcia Hernandez | C19: 7 | E19: Garcia Hernandez | F19: Mary Ann Abucejo | G19: Excel | H19: 11500 | I19: dispersal | J19: TARGET
A20: 24 | B20: LGU - Pilar | C20: 5 | E20: Pilar | G20: Excel | H20: 7500 | I20: dispersal | J20: TARGET
A21: 25 | B21: LGU - Cortes | E21: Cortes | F21: Maria Luz Alcala | G21: Excel | H21: 3000 | I21: dispersal | J21: TARGET
A22: OCTOBER
A23: 27 | B23: LGU - Jagna | E23: Jagna | F23: Roderick Vertudaso | G23: Excel | H23: 12000 | I23: dispersal | J23: TARGET
A24: 28 | B24: LGU-Trinidad | D24: Poblacion | E24: Trinidad | F24: Jaypee Celocia | G24: Excel | H24: 13500 | I24: dispersal | J24: TARGET & SAAD
A25: NOVEMBER
A26: 12 | B26: Anatacia Omaña | C26: Female | D26: Buacao | E26: Clarin | G26: Excel | H26: 1500 | I26: dispersal | J26: TARGET
A27: 13 | B27: Carlito Romanda | C27: Male | D27: San Pascual | E27: Ubay | G27: Excel | H27: 5000 | I27: dispersal | J27: TARGET
A28: 3 | B28: LGU - Dimiao | E28: Dimiao | F28: Joselito Salvacion | G28: Excel | H28: 4500 | I28: dispersal | J28: SAAD
A29: 6 | B29: LGU - Ubay | E29: Ubay | F29: Windyl Mejias | G29: Excel | H29: 7500 | I29: dispersal | J29: TARGET
A30: 7 | B30: LGU - Sierra Bullones | D30: Villa Garcia | E30: Sierra Bullones | F30: Maretsam Miculob | G30: Excel | H30: 10500 | I30: dispersal | J30: TARGET & SAAD
A31: 13 | B31: LGU - Catigbian | E31: Catigbian | F31: Emma Merano | G31: Excel | H31: 7500 | I31: dispersal | J31: TARGET
A32: 13 | B32: LGU - Maribojoc | E32: Maribojoc | F32: Faith Angelie Inot | G32: Excel | H32: 7500 | I32: dispersal | J32: TARGET
A33: 13 | B33: IA - Danao Lake Irrigators Association Inc. | D33: Matin-ao | E33: Sierra Bullones | F33: Medardo Digal | G33: Excel | H33: 5000 | I33: dispersal | J33: TARGET
A34: 13 | B34: LGU - Bilar | E34: Bilar | F34: Renerio Tejada | G34: Excel | H34: 9000 | I34: dispersal | J34: TARGET & SAAD
A35: 14 | B35: LGU - Batuan | E35: Batuan | F35: Antonino Pancho | G35: Excel | H35: 9000 | I35: dispersal | J35: TARGET
A36: 20 | B36: PFO - Bohol | E36: Tagbilaran | F36: Candido Samijon | G36: Excel | H36: 4900 | I36: dispersal | J36: SAAD
A37: DECEMBER
A38: 11 | B38: Randy Exclamador | C38: Male | D38: La Hacienda | E38: Alicia | G38: Excel | H38: 1500 | I38: dispersal | J38: TARGET
A39: 11 | B39: Dario Coure | C39: Male | D39: Del Monte | E39: Alicia | G39: Excel | H39: 1500 | I39: dispersal | J39: TARGET
A40: 11 | B40: Joseph Licayan | C40: Male | D40: La Hacienda | E40: Alicia | G40: Excel | H40: 1500 | I40: dispersal | J40: TARGET
A41: 11 | B41: Nestor Ayubin | C41: Male | D41: Napo | E41: Alicia | G41: Excel | H41: 1500 | I41: dispersal | J41: TARGET
A42: 16 | B42: Leoncio Lodripas Jr. | C42: Male | D42: Garcia | E42: San Miguel | G42: Excel | H42: 1500 | I42: dispersal | J42: SAAD
A43: 16 | B43: Jose Sarvida | C43: Male | D43: Kagawasan | E43: San Miguel | G43: Excel | H43: 1500 | I43: dispersal | J43: SAAD
A44: 16 | B44: Exequela Pracullos | C44: Female | D44: Capayas | E44: San Miguel | G44: Excel | H44: 1500 | I44: dispersal | J44: SAAD
A45: 16 | B45: Floro Morgia | C45: Male | D45: Kagawasan | E45: San Miguel | G45: Excel | H45: 1500 | I45: dispersal | J45: TARGET
A46: 16 | B46: Jay Vallendo | C46: Male | D46: Hagbuyo | E46: San Miguel | G46: Excel | H46: 1500 | I46: dispersal | J46: TARGET
A47: 16 | B47: Jhongi Baay | C47: Male | D47: Bugang | E47: San Miguel | G47: Excel | H47: 1500 | I47: dispersal | J47: TARGET
A48: 16 | B48: Julito Purog | C48: Male | D48: Calvasan | E48: San Miguel | G48: Excel | H48: 1500 | I48: dispersal | J48: SAAD
A49: 16 | B49: Sabino Butal | C49: Male | D49: Calvasan | E49: San Miguel | G49: Excel | H49: 1500 | I49: dispersal | J49: SAAD

Sheet SUMMARY
A1: 2020 CFFF PRODUCTION
A3: Date | B3: TILAPIA | E3: ORNAMENTAL | H3: ULANG | K3: HITO | N3: COMMON CARP
B4: Sold | C4: Dispersed | D4: Total | E4: Koi | F4: Sword | G4: Total | H4: Sold | I4: Dispersed | J4: Total | K4: Sold | L4: Dispersed | M4: Total | N4: Sold | O4: Dispersed | P4: Total
A5: Jan. 1-7 | B5: 356300 | C5: 31500 | D5: =SUM(B5:C5) -> 387800 | E5: 234 | F5: 0 | G5: =SUM(E5:F5) -> 234 | H5: 1100 | I5: 0 | J5: =SUM(H5:I5) -> 1100 | K5: 0 | L5: 0 | M5: =SUM(K5:L5) -> 0 | N5: 0 | O5: 0 | P5: =SUM(N5:O5) -> 0
A6: Jan. 8-12 | B6: 162300 | C6: 3000 | D6: =SUM(B6:C6) -> 165300 | E6: 110 | F6: 20 | G6: =SUM(E6:F6) -> 130 | H6: 160 | I6: 0 | J6: =SUM(H6:I6) -> 160 | K6: 0 | L6: 0 | M6: =SUM(K6:L6) -> 0 | N6: 0 | O6: 0 | P6: =SUM(N6:O6) -> 0
A7: Jan. 16-20 | B7: 112800 | C7: 2500 | D7: =SUM(B7:C7) -> 115300 | E7: 74 | F7: 40 | G7: =SUM(E7:F7) -> 114 | H7: 1500 | I7: 0 | J7: =SUM(H7:I7) -> 1500 | K7: 0 | L7: 0 | M7: =SUM(K7:L7) -> 0 | N7: 0 | O7: 0 | P7: =SUM(N7:O7) -> 0
A8: Jan. 21-29 | B8: 157250 | C8: 17500 | D8: =SUM(B8:C8) -> 174750 | E8: 76 | F8: 0 | G8: =SUM(E8:F8) -> 76 | H8: 1700 | I8: 0 | J8: =SUM(H8:I8) -> 1700 | M8: =SUM(K8:L8) -> 0 | N8: 0 | O8: 0 | P8: =SUM(N8:O8) -> 0 | S8: =SUM(B5:B7) -> 631400 | T8: =SUM(D5:D8) -> 843150
A9: Feb. 3-5 | B9: 326800 | C9: 58200 | D9: =SUM(B9:C9) -> 385000 | E9: 415 | F9: 130 | G9: =SUM(E9:F9) -> 545 | H9: 0 | I9: 0 | J9: =SUM(H9:I9) -> 0 | K9: 1290 | L9: 3000 | M9: =SUM(K9:L9) -> 4290 | N9: 0 | O9: 0 | P9: =SUM(N9:O9) -> 0 | S9: =SUM(B8:B13) -> 823030 | T9: =SUM(D9:D15) -> 1063330
